UNIQUEID,ORDERDATE,QTR_ID,MONTH_ID,YEAR_ID,MONTH
4480,1/6/03,1,1,2003,January
1130,1/6/03,1,1,2003,January
3100,1/6/03,1,1,2003,January
5209,1/6/03,1,1,2003,January
1967,1/9/03,1,1,2003,January
4199,1/9/03,1,1,2003,January
4493,1/9/03,1,1,2003,January
3720,1/9/03,1,1,2003,January
2365,1/10/03,1,1,2003,January
2480,1/10/03,1,1,2003,January
4179,1/29/03,1,1,2003,January
4427,1/29/03,1,1,2003,January
5193,1/29/03,1,1,2003,January
2847,1/29/03,1,1,2003,January
2418,1/29/03,1,1,2003,January
1700,1/29/03,1,1,2003,January
4785,1/29/03,1,1,2003,January
1004,1/29/03,1,1,2003,January
3909,1/29/03,1,1,2003,January
3895,1/29/03,1,1,2003,January
4279,1/29/03,1,1,2003,January
3688,1/29/03,1,1,2003,January
4915,1/29/03,1,1,2003,January
5806,1/29/03,1,1,2003,January
2484,1/29/03,1,1,2003,January
4364,1/29/03,1,1,2003,January
5869,1/31/03,1,1,2003,January
3666,1/31/03,1,1,2003,January
3422,1/31/03,1,1,2003,January
5716,1/31/03,1,1,2003,January
4841,1/31/03,1,1,2003,January
4190,1/31/03,1,1,2003,January
4900,1/31/03,1,1,2003,January
4114,1/31/03,1,1,2003,January
1551,1/31/03,1,1,2003,January
5285,1/31/03,1,1,2003,January
3211,1/31/03,1,1,2003,January
4823,1/31/03,1,1,2003,January
2843,1/31/03,1,1,2003,January
4560,2/11/03,1,2,2003,February
5064,2/11/03,1,2,2003,February
4645,2/11/03,1,2,2003,February
4853,2/11/03,1,2,2003,February
2315,2/11/03,1,2,2003,February
3214,2/11/03,1,2,2003,February
5518,2/11/03,1,2,2003,February
2791,2/11/03,1,2,2003,February
1995,2/11/03,1,2,2003,February
4169,2/11/03,1,2,2003,February
2889,2/11/03,1,2,2003,February
3539,2/11/03,1,2,2003,February
4188,2/11/03,1,2,2003,February
4919,2/11/03,1,2,2003,February
5442,2/11/03,1,2,2003,February
2710,2/17/03,1,2,2003,February
1719,2/17/03,1,2,2003,February
5630,2/17/03,1,2,2003,February
5580,2/17/03,1,2,2003,February
5711,2/17/03,1,2,2003,February
1541,2/17/03,1,2,2003,February
1201,2/17/03,1,2,2003,February
5402,2/17/03,1,2,2003,February
2009,2/17/03,1,2,2003,February
1804,2/17/03,1,2,2003,February
3047,2/17/03,1,2,2003,February
5481,2/17/03,1,2,2003,February
3439,2/17/03,1,2,2003,February
4107,2/17/03,1,2,2003,February
4510,2/17/03,1,2,2003,February
3332,2/17/03,1,2,2003,February
1505,2/17/03,1,2,2003,February
2562,2/17/03,1,2,2003,February
2420,2/24/03,1,2,2003,February
3005,2/24/03,1,2,2003,February
5262,2/24/03,1,2,2003,February
2968,2/24/03,1,2,2003,February
1423,2/24/03,1,2,2003,February
2174,2/24/03,1,2,2003,February
1950,2/24/03,1,2,2003,February
5457,2/24/03,1,2,2003,February
3406,3/3/03,1,3,2003,March
1947,3/3/03,1,3,2003,March
2415,3/3/03,1,3,2003,March
3875,3/3/03,1,3,2003,March
3504,3/3/03,1,3,2003,March
2034,3/3/03,1,3,2003,March
3335,3/3/03,1,3,2003,March
5886,3/3/03,1,3,2003,March
3596,3/3/03,1,3,2003,March
2130,3/3/03,1,3,2003,March
5768,3/3/03,1,3,2003,March
3822,3/3/03,1,3,2003,March
5424,3/3/03,1,3,2003,March
4957,3/3/03,1,3,2003,March
3799,3/3/03,1,3,2003,March
3675,3/3/03,1,3,2003,March
5455,3/10/03,1,3,2003,March
4264,3/10/03,1,3,2003,March
5597,3/10/03,1,3,2003,March
4860,3/10/03,1,3,2003,March
3026,3/10/03,1,3,2003,March
2874,3/10/03,1,3,2003,March
4000,3/18/03,1,3,2003,March
5674,3/18/03,1,3,2003,March
2645,3/18/03,1,3,2003,March
2211,3/18/03,1,3,2003,March
3498,3/18/03,1,3,2003,March
3904,3/18/03,1,3,2003,March
4153,3/18/03,1,3,2003,March
2728,3/18/03,1,3,2003,March
4010,3/18/03,1,3,2003,March
5103,3/18/03,1,3,2003,March
5173,3/18/03,1,3,2003,March
2385,3/18/03,1,3,2003,March
3278,3/18/03,1,3,2003,March
5246,3/18/03,1,3,2003,March
1395,3/18/03,1,3,2003,March
3743,3/18/03,1,3,2003,March
3160,3/24/03,1,3,2003,March
3939,3/24/03,1,3,2003,March
2272,3/25/03,1,3,2003,March
2618,3/25/03,1,3,2003,March
1068,3/25/03,1,3,2003,March
2501,3/25/03,1,3,2003,March
3779,3/25/03,1,3,2003,March
4872,3/25/03,1,3,2003,March
4289,3/26/03,1,3,2003,March
5780,3/26/03,1,3,2003,March
5691,3/26/03,1,3,2003,March
4615,3/26/03,1,3,2003,March
4990,4/1/03,2,4,2003,April
1451,4/1/03,2,4,2003,April
4691,4/1/03,2,4,2003,April
3136,4/1/03,2,4,2003,April
3705,4/1/03,2,4,2003,April
4339,4/1/03,2,4,2003,April
2743,4/1/03,2,4,2003,April
1338,4/1/03,2,4,2003,April
1318,4/1/03,2,4,2003,April
3677,4/1/03,2,4,2003,April
3942,4/4/03,2,4,2003,April
1936,4/4/03,2,4,2003,April
1696,4/4/03,2,4,2003,April
5534,4/4/03,2,4,2003,April
4463,4/4/03,2,4,2003,April
3641,4/11/03,2,4,2003,April
3097,4/16/03,2,4,2003,April
3261,4/16/03,2,4,2003,April
1605,4/16/03,2,4,2003,April
4835,4/16/03,2,4,2003,April
4268,4/16/03,2,4,2003,April
3233,4/16/03,2,4,2003,April
5283,4/16/03,2,4,2003,April
2519,4/16/03,2,4,2003,April
1018,4/16/03,2,4,2003,April
1186,4/16/03,2,4,2003,April
4282,4/16/03,2,4,2003,April
3654,4/16/03,2,4,2003,April
3207,4/21/03,2,4,2003,April
1067,4/28/03,2,4,2003,April
1823,4/28/03,2,4,2003,April
4232,4/28/03,2,4,2003,April
2208,4/28/03,2,4,2003,April
2490,4/28/03,2,4,2003,April
2114,4/28/03,2,4,2003,April
3562,4/28/03,2,4,2003,April
3829,4/28/03,2,4,2003,April
3245,4/28/03,2,4,2003,April
3887,4/28/03,2,4,2003,April
3544,4/28/03,2,4,2003,April
1637,4/28/03,2,4,2003,April
3071,4/28/03,2,4,2003,April
3834,4/28/03,2,4,2003,April
1025,4/29/03,2,4,2003,April
4597,4/29/03,2,4,2003,April
5600,4/29/03,2,4,2003,April
1399,4/29/03,2,4,2003,April
5141,4/29/03,2,4,2003,April
2367,4/29/03,2,4,2003,April
5526,4/29/03,2,4,2003,April
4236,4/29/03,2,4,2003,April
3150,4/29/03,2,4,2003,April
5400,4/29/03,2,4,2003,April
3668,4/29/03,2,4,2003,April
5361,4/29/03,2,4,2003,April
3898,4/29/03,2,4,2003,April
2934,4/29/03,2,4,2003,April
1707,4/29/03,2,4,2003,April
5189,5/7/03,2,5,2003,May
1941,5/7/03,2,5,2003,May
1435,5/7/03,2,5,2003,May
5663,5/7/03,2,5,2003,May
4846,5/7/03,2,5,2003,May
2172,5/8/03,2,5,2003,May
1289,5/8/03,2,5,2003,May
3542,5/8/03,2,5,2003,May
1474,5/8/03,2,5,2003,May
5081,5/8/03,2,5,2003,May
1745,5/8/03,2,5,2003,May
2752,5/8/03,2,5,2003,May
5892,5/8/03,2,5,2003,May
1352,5/8/03,2,5,2003,May
2616,5/8/03,2,5,2003,May
2643,5/8/03,2,5,2003,May
3382,5/8/03,2,5,2003,May
4392,5/8/03,2,5,2003,May
1857,5/8/03,2,5,2003,May
5500,5/8/03,2,5,2003,May
2101,5/8/03,2,5,2003,May
4203,5/8/03,2,5,2003,May
4206,5/20/03,2,5,2003,May
2323,5/20/03,2,5,2003,May
1996,5/20/03,2,5,2003,May
4672,5/20/03,2,5,2003,May
2251,5/21/03,2,5,2003,May
4343,5/21/03,2,5,2003,May
2569,5/21/03,2,5,2003,May
1332,5/21/03,2,5,2003,May
4121,5/21/03,2,5,2003,May
5143,5/21/03,2,5,2003,May
3269,5/21/03,2,5,2003,May
4604,5/21/03,2,5,2003,May
5693,5/21/03,2,5,2003,May
1671,5/21/03,2,5,2003,May
2156,5/21/03,2,5,2003,May
5747,5/21/03,2,5,2003,May
3774,5/21/03,2,5,2003,May
2244,5/21/03,2,5,2003,May
5498,5/21/03,2,5,2003,May
4208,5/28/03,2,5,2003,May
5396,5/28/03,2,5,2003,May
4676,5/28/03,2,5,2003,May
3643,5/28/03,2,5,2003,May
3724,5/28/03,2,5,2003,May
4779,5/28/03,2,5,2003,May
2489,5/28/03,2,5,2003,May
4346,5/28/03,2,5,2003,May
1903,5/28/03,2,5,2003,May
4335,5/28/03,2,5,2003,May
4928,5/28/03,2,5,2003,May
1351,5/28/03,2,5,2003,May
4059,5/28/03,2,5,2003,May
1810,5/28/03,2,5,2003,May
1553,5/28/03,2,5,2003,May
2165,5/28/03,2,5,2003,May
5486,5/28/03,2,5,2003,May
1701,6/3/03,2,6,2003,June
1209,6/3/03,2,6,2003,June
2697,6/3/03,2,6,2003,June
3871,6/3/03,2,6,2003,June
1609,6/3/03,2,6,2003,June
5214,6/3/03,2,6,2003,June
1421,6/3/03,2,6,2003,June
4581,6/3/03,2,6,2003,June
3827,6/3/03,2,6,2003,June
5748,6/3/03,2,6,2003,June
5755,6/3/03,2,6,2003,June
5113,6/3/03,2,6,2003,June
2813,6/3/03,2,6,2003,June
4142,6/3/03,2,6,2003,June
3054,6/3/03,2,6,2003,June
2432,6/6/03,2,6,2003,June
3308,6/6/03,2,6,2003,June
4355,6/6/03,2,6,2003,June
1690,6/6/03,2,6,2003,June
5147,6/12/03,2,6,2003,June
4184,6/12/03,2,6,2003,June
3709,6/12/03,2,6,2003,June
2846,6/12/03,2,6,2003,June
4117,6/12/03,2,6,2003,June
1747,6/12/03,2,6,2003,June
5464,6/12/03,2,6,2003,June
2998,6/12/03,2,6,2003,June
3328,6/12/03,2,6,2003,June
1000,6/16/03,2,6,2003,June
4266,6/16/03,2,6,2003,June
2470,6/16/03,2,6,2003,June
4744,6/16/03,2,6,2003,June
5098,6/16/03,2,6,2003,June
5566,6/16/03,2,6,2003,June
2811,6/16/03,2,6,2003,June
1362,6/16/03,2,6,2003,June
2217,6/16/03,2,6,2003,June
4631,6/16/03,2,6,2003,June
4048,6/27/03,2,6,2003,June
3807,6/27/03,2,6,2003,June
5301,6/27/03,2,6,2003,June
5629,6/27/03,2,6,2003,June
4540,6/27/03,2,6,2003,June
2031,6/27/03,2,6,2003,June
3755,6/27/03,2,6,2003,June
3435,6/27/03,2,6,2003,June
5924,7/1/03,3,7,2003,July
4895,7/1/03,3,7,2003,July
1840,7/1/03,3,7,2003,July
5874,7/1/03,3,7,2003,July
1493,7/1/03,3,7,2003,July
3894,7/1/03,3,7,2003,July
5776,7/1/03,3,7,2003,July
5436,7/2/03,3,7,2003,July
4991,7/2/03,3,7,2003,July
5794,7/2/03,3,7,2003,July
2571,7/2/03,3,7,2003,July
3288,7/2/03,3,7,2003,July
3387,7/2/03,3,7,2003,July
4056,7/2/03,3,7,2003,July
2581,7/2/03,3,7,2003,July
1893,7/2/03,3,7,2003,July
3490,7/2/03,3,7,2003,July
4162,7/2/03,3,7,2003,July
1846,7/2/03,3,7,2003,July
4508,7/2/03,3,7,2003,July
2062,7/2/03,3,7,2003,July
3891,7/2/03,3,7,2003,July
3337,7/2/03,3,7,2003,July
4870,7/2/03,3,7,2003,July
1821,7/4/03,3,7,2003,July
5897,7/4/03,3,7,2003,July
2177,7/4/03,3,7,2003,July
3964,7/10/03,3,7,2003,July
2111,7/10/03,3,7,2003,July
3444,7/10/03,3,7,2003,July
3608,7/10/03,3,7,2003,July
4327,7/16/03,3,7,2003,July
2183,7/16/03,3,7,2003,July
4884,7/16/03,3,7,2003,July
3678,7/16/03,3,7,2003,July
2946,7/16/03,3,7,2003,July
1268,7/16/03,3,7,2003,July
2387,7/16/03,3,7,2003,July
5410,7/16/03,3,7,2003,July
5429,7/24/03,3,7,2003,July
1292,7/24/03,3,7,2003,July
2089,7/24/03,3,7,2003,July
3427,7/24/03,3,7,2003,July
3385,7/24/03,3,7,2003,July
2615,7/24/03,3,7,2003,July
2199,7/24/03,3,7,2003,July
4214,7/24/03,3,7,2003,July
3714,7/24/03,3,7,2003,July
3159,7/24/03,3,7,2003,July
4702,7/24/03,3,7,2003,July
1880,8/1/03,3,8,2003,August
5677,8/1/03,3,8,2003,August
5337,8/1/03,3,8,2003,August
1510,8/1/03,3,8,2003,August
2500,8/1/03,3,8,2003,August
2068,8/1/03,3,8,2003,August
4717,8/1/03,3,8,2003,August
1308,8/1/03,3,8,2003,August
4399,8/1/03,3,8,2003,August
2692,8/8/03,3,8,2003,August
5221,8/8/03,3,8,2003,August
4311,8/8/03,3,8,2003,August
5891,8/8/03,3,8,2003,August
2962,8/8/03,3,8,2003,August
2321,8/8/03,3,8,2003,August
1938,8/8/03,3,8,2003,August
4742,8/8/03,3,8,2003,August
5277,8/8/03,3,8,2003,August
2486,8/8/03,3,8,2003,August
1917,8/8/03,3,8,2003,August
4596,8/8/03,3,8,2003,August
4745,8/8/03,3,8,2003,August
4329,8/8/03,3,8,2003,August
1164,8/8/03,3,8,2003,August
1898,8/8/03,3,8,2003,August
4782,8/10/03,3,8,2003,August
4413,8/10/03,3,8,2003,August
5824,8/10/03,3,8,2003,August
2862,8/10/03,3,8,2003,August
2673,8/10/03,3,8,2003,August
1794,8/10/03,3,8,2003,August
2241,8/10/03,3,8,2003,August
4409,8/10/03,3,8,2003,August
2270,8/10/03,3,8,2003,August
1115,8/10/03,3,8,2003,August
3857,8/10/03,3,8,2003,August
1770,8/10/03,3,8,2003,August
5774,8/10/03,3,8,2003,August
2102,8/10/03,3,8,2003,August
5294,8/10/03,3,8,2003,August
1121,8/10/03,3,8,2003,August
4873,8/13/03,3,8,2003,August
1455,8/25/03,3,8,2003,August
2106,8/25/03,3,8,2003,August
3505,8/25/03,3,8,2003,August
1833,8/25/03,3,8,2003,August
3625,8/25/03,3,8,2003,August
3499,8/25/03,3,8,2003,August
5751,8/25/03,3,8,2003,August
2158,8/25/03,3,8,2003,August
4791,8/25/03,3,8,2003,August
4939,8/25/03,3,8,2003,August
1061,8/25/03,3,8,2003,August
2850,8/25/03,3,8,2003,August
3121,8/25/03,3,8,2003,August
5533,8/25/03,3,8,2003,August
5648,8/25/03,3,8,2003,August
3569,8/25/03,3,8,2003,August
5883,9/3/03,3,9,2003,September
2356,9/3/03,3,9,2003,September
2614,9/5/03,3,9,2003,September
4653,9/5/03,3,9,2003,September
3949,9/5/03,3,9,2003,September
5492,9/5/03,3,9,2003,September
4784,9/5/03,3,9,2003,September
2344,9/5/03,3,9,2003,September
3276,9/5/03,3,9,2003,September
3924,9/5/03,3,9,2003,September
2414,9/5/03,3,9,2003,September
1049,9/5/03,3,9,2003,September
5988,9/5/03,3,9,2003,September
3859,9/11/03,3,9,2003,September
1038,9/11/03,3,9,2003,September
5846,9/11/03,3,9,2003,September
2613,9/11/03,3,9,2003,September
1708,9/11/03,3,9,2003,September
4874,9/11/03,3,9,2003,September
5009,9/11/03,3,9,2003,September
5683,9/11/03,3,9,2003,September
4588,9/11/03,3,9,2003,September
1165,9/11/03,3,9,2003,September
5852,9/11/03,3,9,2003,September
3481,9/11/03,3,9,2003,September
4161,9/11/03,3,9,2003,September
2882,9/11/03,3,9,2003,September
3732,9/12/03,3,9,2003,September
5853,9/12/03,3,9,2003,September
1233,9/12/03,3,9,2003,September
3147,9/12/03,3,9,2003,September
1848,9/12/03,3,9,2003,September
2709,9/12/03,3,9,2003,September
5403,9/12/03,3,9,2003,September
3580,9/12/03,3,9,2003,September
3918,9/12/03,3,9,2003,September
3146,9/12/03,3,9,2003,September
1037,9/12/03,3,9,2003,September
4972,9/19/03,3,9,2003,September
3500,9/19/03,3,9,2003,September
3041,9/19/03,3,9,2003,September
3644,9/19/03,3,9,2003,September
4106,9/19/03,3,9,2003,September
3545,9/19/03,3,9,2003,September
2526,9/19/03,3,9,2003,September
2798,9/19/03,3,9,2003,September
2427,9/19/03,3,9,2003,September
1546,9/19/03,3,9,2003,September
2538,9/19/03,3,9,2003,September
5507,9/21/03,3,9,2003,September
4603,9/21/03,3,9,2003,September
1160,9/21/03,3,9,2003,September
2474,9/21/03,3,9,2003,September
2333,9/21/03,3,9,2003,September
1344,9/21/03,3,9,2003,September
3460,9/21/03,3,9,2003,September
1441,9/21/03,3,9,2003,September
1064,9/21/03,3,9,2003,September
4781,9/21/03,3,9,2003,September
5837,9/25/03,3,9,2003,September
3178,9/25/03,3,9,2003,September
2433,9/25/03,3,9,2003,September
3639,9/25/03,3,9,2003,September
3128,9/28/03,3,9,2003,September
1998,9/28/03,3,9,2003,September
4961,9/28/03,3,9,2003,September
1798,9/28/03,3,9,2003,September
1118,9/28/03,3,9,2003,September
5709,9/28/03,3,9,2003,September
3930,9/28/03,3,9,2003,September
3413,9/28/03,3,9,2003,September
5026,9/28/03,3,9,2003,September
2903,9/28/03,3,9,2003,September
2166,9/28/03,3,9,2003,September
5942,9/28/03,3,9,2003,September
5662,9/28/03,3,9,2003,September
4076,10/2/03,4,10,2003,October
1409,10/2/03,4,10,2003,October
4221,10/4/03,4,10,2003,October
5590,10/4/03,4,10,2003,October
1237,10/4/03,4,10,2003,October
3250,10/4/03,4,10,2003,October
1907,10/4/03,4,10,2003,October
5701,10/4/03,4,10,2003,October
2412,10/4/03,4,10,2003,October
2926,10/4/03,4,10,2003,October
1274,10/5/03,4,10,2003,October
4739,10/5/03,4,10,2003,October
3952,10/5/03,4,10,2003,October
1403,10/5/03,4,10,2003,October
4145,10/5/03,4,10,2003,October
5020,10/5/03,4,10,2003,October
1692,10/5/03,4,10,2003,October
5454,10/5/03,4,10,2003,October
3808,10/5/03,4,10,2003,October
3231,10/5/03,4,10,2003,October
2529,10/5/03,4,10,2003,October
3749,10/6/03,4,10,2003,October
5599,10/6/03,4,10,2003,October
2178,10/6/03,4,10,2003,October
3553,10/6/03,4,10,2003,October
2849,10/6/03,4,10,2003,October
4797,10/6/03,4,10,2003,October
3680,10/6/03,4,10,2003,October
1021,10/6/03,4,10,2003,October
5540,10/6/03,4,10,2003,October
1529,10/6/03,4,10,2003,October
1244,10/6/03,4,10,2003,October
2454,10/6/03,4,10,2003,October
3271,10/6/03,4,10,2003,October
4103,10/6/03,4,10,2003,October
5792,10/6/03,4,10,2003,October
3246,10/6/03,4,10,2003,October
1613,10/6/03,4,10,2003,October
1456,10/6/03,4,10,2003,October
2088,10/6/03,4,10,2003,October
3206,10/8/03,4,10,2003,October
1326,10/8/03,4,10,2003,October
3776,10/10/03,4,10,2003,October
2776,10/10/03,4,10,2003,October
1714,10/10/03,4,10,2003,October
4380,10/10/03,4,10,2003,October
2134,10/10/03,4,10,2003,October
1965,10/10/03,4,10,2003,October
5977,10/10/03,4,10,2003,October
1513,10/10/03,4,10,2003,October
3301,10/10/03,4,10,2003,October
3933,10/10/03,4,10,2003,October
5151,10/10/03,4,10,2003,October
4965,10/10/03,4,10,2003,October
4523,10/10/03,4,10,2003,October
1390,10/10/03,4,10,2003,October
5539,10/10/03,4,10,2003,October
4181,10/10/03,4,10,2003,October
3016,10/10/03,4,10,2003,October
3317,10/10/03,4,10,2003,October
1890,10/10/03,4,10,2003,October
5504,10/11/03,4,10,2003,October
2060,10/11/03,4,10,2003,October
2121,10/11/03,4,10,2003,October
2452,10/11/03,4,10,2003,October
5449,10/11/03,4,10,2003,October
3536,10/11/03,4,10,2003,October
5901,10/17/03,4,10,2003,October
2715,10/17/03,4,10,2003,October
5785,10/17/03,4,10,2003,October
1016,10/17/03,4,10,2003,October
3463,10/17/03,4,10,2003,October
4285,10/17/03,4,10,2003,October
5205,10/17/03,4,10,2003,October
4827,10/17/03,4,10,2003,October
1470,10/17/03,4,10,2003,October
5373,10/17/03,4,10,2003,October
4664,10/17/03,4,10,2003,October
1753,10/17/03,4,10,2003,October
2296,10/18/03,4,10,2003,October
1137,10/18/03,4,10,2003,October
2362,10/18/03,4,10,2003,October
5896,10/18/03,4,10,2003,October
3412,10/18/03,4,10,2003,October
5136,10/18/03,4,10,2003,October
2339,10/18/03,4,10,2003,October
1144,10/18/03,4,10,2003,October
5079,10/18/03,4,10,2003,October
2896,10/18/03,4,10,2003,October
4839,10/20/03,4,10,2003,October
5678,10/20/03,4,10,2003,October
1567,10/20/03,4,10,2003,October
2822,10/20/03,4,10,2003,October
2591,10/20/03,4,10,2003,October
1196,10/20/03,4,10,2003,October
5072,10/21/03,4,10,2003,October
5974,10/21/03,4,10,2003,October
4517,10/21/03,4,10,2003,October
5195,10/21/03,4,10,2003,October
5623,10/21/03,4,10,2003,October
2107,10/21/03,4,10,2003,October
2794,10/21/03,4,10,2003,October
5042,10/21/03,4,10,2003,October
4308,10/21/03,4,10,2003,October
2257,10/21/03,4,10,2003,October
1340,10/21/03,4,10,2003,October
3484,10/22/03,4,10,2003,October
3761,10/22/03,4,10,2003,October
4119,10/22/03,4,10,2003,October
1084,10/22/03,4,10,2003,October
3928,10/22/03,4,10,2003,October
2071,10/22/03,4,10,2003,October
3821,10/22/03,4,10,2003,October
1762,10/22/03,4,10,2003,October
2229,10/22/03,4,10,2003,October
1434,10/22/03,4,10,2003,October
1089,10/22/03,4,10,2003,October
2890,10/22/03,4,10,2003,October
4630,10/22/03,4,10,2003,October
3243,10/22/03,4,10,2003,October
5772,10/22/03,4,10,2003,October
1014,10/22/03,4,10,2003,October
4166,10/22/03,4,10,2003,October
3800,10/22/03,4,10,2003,October
2307,10/23/03,4,10,2003,October
5773,10/23/03,4,10,2003,October
1508,10/23/03,4,10,2003,October
5696,10/23/03,4,10,2003,October
2262,10/23/03,4,10,2003,October
3323,10/23/03,4,10,2003,October
2805,10/23/03,4,10,2003,October
1782,10/23/03,4,10,2003,October
5563,10/23/03,4,10,2003,October
3613,10/23/03,4,10,2003,October
5347,10/23/03,4,10,2003,October
4912,10/23/03,4,10,2003,October
5030,10/23/03,4,10,2003,October
4351,10/23/03,4,10,2003,October
4611,10/23/03,4,10,2003,October
5966,10/23/03,4,10,2003,October
3467,10/28/03,4,10,2003,October
5437,10/28/03,4,10,2003,October
3671,10/28/03,4,10,2003,October
4369,10/28/03,4,10,2003,October
3483,10/28/03,4,10,2003,October
3532,10/28/03,4,10,2003,October
5689,10/28/03,4,10,2003,October
3142,10/28/03,4,10,2003,October
1504,10/28/03,4,10,2003,October
4845,10/28/03,4,10,2003,October
5302,10/28/03,4,10,2003,October
4012,10/28/03,4,10,2003,October
1806,10/28/03,4,10,2003,October
5267,10/28/03,4,10,2003,October
2051,10/28/03,4,10,2003,October
4299,10/28/03,4,10,2003,October
2100,10/28/03,4,10,2003,October
1599,10/28/03,4,10,2003,October
3217,11/4/03,4,11,2003,November
4033,11/4/03,4,11,2003,November
3088,11/4/03,4,11,2003,November
5034,11/4/03,4,11,2003,November
3344,11/4/03,4,11,2003,November
5746,11/4/03,4,11,2003,November
3750,11/4/03,4,11,2003,November
2758,11/4/03,4,11,2003,November
4378,11/4/03,4,11,2003,November
4913,11/4/03,4,11,2003,November
3368,11/4/03,4,11,2003,November
4563,11/4/03,4,11,2003,November
3937,11/4/03,4,11,2003,November
5750,11/4/03,4,11,2003,November
1477,11/4/03,4,11,2003,November
2150,11/4/03,4,11,2003,November
3291,11/4/03,4,11,2003,November
4886,11/5/03,4,11,2003,November
3062,11/5/03,4,11,2003,November
2578,11/5/03,4,11,2003,November
3319,11/5/03,4,11,2003,November
5721,11/5/03,4,11,2003,November
4160,11/5/03,4,11,2003,November
3612,11/5/03,4,11,2003,November
1368,11/5/03,4,11,2003,November
3912,11/5/03,4,11,2003,November
2861,11/5/03,4,11,2003,November
3890,11/5/03,4,11,2003,November
2020,11/5/03,4,11,2003,November
2871,11/5/03,4,11,2003,November
3459,11/5/03,4,11,2003,November
2595,11/5/03,4,11,2003,November
2819,11/5/03,4,11,2003,November
5658,11/5/03,4,11,2003,November
2969,11/5/03,4,11,2003,November
1648,11/5/03,4,11,2003,November
3693,11/5/03,4,11,2003,November
4935,11/5/03,4,11,2003,November
4579,11/5/03,4,11,2003,November
3051,11/5/03,4,11,2003,November
1369,11/5/03,4,11,2003,November
2916,11/5/03,4,11,2003,November
5838,11/5/03,4,11,2003,November
1839,11/5/03,4,11,2003,November
3624,11/5/03,4,11,2003,November
3471,11/6/03,4,11,2003,November
5488,11/6/03,4,11,2003,November
3683,11/6/03,4,11,2003,November
4763,11/6/03,4,11,2003,November
3421,11/6/03,4,11,2003,November
1256,11/6/03,4,11,2003,November
2548,11/6/03,4,11,2003,November
3936,11/6/03,4,11,2003,November
3590,11/6/03,4,11,2003,November
5671,11/6/03,4,11,2003,November
3002,11/6/03,4,11,2003,November
1276,11/6/03,4,11,2003,November
4258,11/6/03,4,11,2003,November
3405,11/6/03,4,11,2003,November
3728,11/6/03,4,11,2003,November
4897,11/6/03,4,11,2003,November
2234,11/6/03,4,11,2003,November
2153,11/6/03,4,11,2003,November
1077,11/6/03,4,11,2003,November
5210,11/6/03,4,11,2003,November
5604,11/6/03,4,11,2003,November
1572,11/6/03,4,11,2003,November
3456,11/6/03,4,11,2003,November
4529,11/6/03,4,11,2003,November
5234,11/6/03,4,11,2003,November
5452,11/6/03,4,11,2003,November
2817,11/6/03,4,11,2003,November
4503,11/7/03,4,11,2003,November
3448,11/7/03,4,11,2003,November
2772,11/7/03,4,11,2003,November
2585,11/7/03,4,11,2003,November
1048,11/7/03,4,11,2003,November
3514,11/7/03,4,11,2003,November
3297,11/7/03,4,11,2003,November
1789,11/7/03,4,11,2003,November
1176,11/7/03,4,11,2003,November
4944,11/7/03,4,11,2003,November
3229,11/7/03,4,11,2003,November
5316,11/8/03,4,11,2003,November
3440,11/8/03,4,11,2003,November
3501,11/8/03,4,11,2003,November
2496,11/8/03,4,11,2003,November
2924,11/8/03,4,11,2003,November
1175,11/8/03,4,11,2003,November
4966,11/8/03,4,11,2003,November
1026,11/8/03,4,11,2003,November
5129,11/8/03,4,11,2003,November
1117,11/8/03,4,11,2003,November
2014,11/8/03,4,11,2003,November
4726,11/8/03,4,11,2003,November
5077,11/11/03,4,11,2003,November
3585,11/11/03,4,11,2003,November
3903,11/11/03,4,11,2003,November
5330,11/11/03,4,11,2003,November
2635,11/11/03,4,11,2003,November
3841,11/11/03,4,11,2003,November
1638,11/11/03,4,11,2003,November
1444,11/11/03,4,11,2003,November
1562,11/11/03,4,11,2003,November
2686,11/11/03,4,11,2003,November
2936,11/11/03,4,11,2003,November
5789,11/11/03,4,11,2003,November
4854,11/11/03,4,11,2003,November
2065,11/11/03,4,11,2003,November
1468,11/12/03,4,11,2003,November
1387,11/12/03,4,11,2003,November
3342,11/12/03,4,11,2003,November
5627,11/12/03,4,11,2003,November
1731,11/12/03,4,11,2003,November
2294,11/12/03,4,11,2003,November
3577,11/12/03,4,11,2003,November
3349,11/12/03,4,11,2003,November
4134,11/12/03,4,11,2003,November
4981,11/12/03,4,11,2003,November
5954,11/12/03,4,11,2003,November
2630,11/12/03,4,11,2003,November
4708,11/12/03,4,11,2003,November
1759,11/12/03,4,11,2003,November
3333,11/12/03,4,11,2003,November
1011,11/12/03,4,11,2003,November
3621,11/12/03,4,11,2003,November
1429,11/12/03,4,11,2003,November
3664,11/12/03,4,11,2003,November
4054,11/12/03,4,11,2003,November
2950,11/12/03,4,11,2003,November
2226,11/12/03,4,11,2003,November
3967,11/12/03,4,11,2003,November
1228,11/12/03,4,11,2003,November
3851,11/12/03,4,11,2003,November
5757,11/12/03,4,11,2003,November
2096,11/12/03,4,11,2003,November
4222,11/12/03,4,11,2003,November
2246,11/12/03,4,11,2003,November
1296,11/12/03,4,11,2003,November
4301,11/12/03,4,11,2003,November
1706,11/12/03,4,11,2003,November
2510,11/12/03,4,11,2003,November
1951,11/12/03,4,11,2003,November
4701,11/13/03,4,11,2003,November
4252,11/13/03,4,11,2003,November
1235,11/13/03,4,11,2003,November
1257,11/13/03,4,11,2003,November
3232,11/13/03,4,11,2003,November
1393,11/13/03,4,11,2003,November
5971,11/13/03,4,11,2003,November
3024,11/13/03,4,11,2003,November
3091,11/13/03,4,11,2003,November
2212,11/13/03,4,11,2003,November
4789,11/13/03,4,11,2003,November
3594,11/13/03,4,11,2003,November
3352,11/14/03,4,11,2003,November
4577,11/14/03,4,11,2003,November
1316,11/14/03,4,11,2003,November
2795,11/14/03,4,11,2003,November
3877,11/14/03,4,11,2003,November
2606,11/14/03,4,11,2003,November
4890,11/14/03,4,11,2003,November
4447,11/14/03,4,11,2003,November
4322,11/14/03,4,11,2003,November
3600,11/14/03,4,11,2003,November
1796,11/14/03,4,11,2003,November
5150,11/14/03,4,11,2003,November
4878,11/14/03,4,11,2003,November
5656,11/14/03,4,11,2003,November
5490,11/14/03,4,11,2003,November
2461,11/14/03,4,11,2003,November
2006,11/14/03,4,11,2003,November
3770,11/14/03,4,11,2003,November
5793,11/14/03,4,11,2003,November
3929,11/14/03,4,11,2003,November
4201,11/14/03,4,11,2003,November
2159,11/14/03,4,11,2003,November
4318,11/14/03,4,11,2003,November
2446,11/14/03,4,11,2003,November
5592,11/14/03,4,11,2003,November
1825,11/14/03,4,11,2003,November
4956,11/14/03,4,11,2003,November
2855,11/14/03,4,11,2003,November
4242,11/14/03,4,11,2003,November
2258,11/14/03,4,11,2003,November
4141,11/14/03,4,11,2003,November
2360,11/14/03,4,11,2003,November
5228,11/14/03,4,11,2003,November
5659,11/14/03,4,11,2003,November
4848,11/14/03,4,11,2003,November
3712,11/14/03,4,11,2003,November
3727,11/14/03,4,11,2003,November
5178,11/14/03,4,11,2003,November
2971,11/18/03,4,11,2003,November
3784,11/18/03,4,11,2003,November
2878,11/18/03,4,11,2003,November
4802,11/18/03,4,11,2003,November
4357,11/18/03,4,11,2003,November
2286,11/18/03,4,11,2003,November
5311,11/18/03,4,11,2003,November
4787,11/18/03,4,11,2003,November
4706,11/18/03,4,11,2003,November
4625,11/19/03,4,11,2003,November
2560,11/19/03,4,11,2003,November
5450,11/19/03,4,11,2003,November
4028,11/19/03,4,11,2003,November
3472,11/20/03,4,11,2003,November
2885,11/20/03,4,11,2003,November
4805,11/20/03,4,11,2003,November
4501,11/20/03,4,11,2003,November
4533,11/20/03,4,11,2003,November
5940,11/20/03,4,11,2003,November
4568,11/20/03,4,11,2003,November
2867,11/20/03,4,11,2003,November
3007,11/20/03,4,11,2003,November
5346,11/20/03,4,11,2003,November
1224,11/20/03,4,11,2003,November
1765,11/20/03,4,11,2003,November
1625,11/20/03,4,11,2003,November
1659,11/20/03,4,11,2003,November
1968,11/20/03,4,11,2003,November
1271,11/20/03,4,11,2003,November
3844,11/20/03,4,11,2003,November
4862,11/20/03,4,11,2003,November
2110,11/20/03,4,11,2003,November
1832,11/20/03,4,11,2003,November
5253,11/20/03,4,11,2003,November
5646,11/20/03,4,11,2003,November
4267,11/20/03,4,11,2003,November
5263,11/20/03,4,11,2003,November
2373,11/20/03,4,11,2003,November
5950,11/21/03,4,11,2003,November
3798,11/21/03,4,11,2003,November
4288,11/21/03,4,11,2003,November
4589,11/21/03,4,11,2003,November
4063,11/21/03,4,11,2003,November
5786,11/21/03,4,11,2003,November
5422,11/21/03,4,11,2003,November
5061,11/21/03,4,11,2003,November
1157,11/21/03,4,11,2003,November
5047,11/21/03,4,11,2003,November
1790,11/21/03,4,11,2003,November
2175,11/21/03,4,11,2003,November
2483,11/21/03,4,11,2003,November
3629,11/21/03,4,11,2003,November
3913,11/21/03,4,11,2003,November
2235,11/21/03,4,11,2003,November
3713,11/25/03,4,11,2003,November
2346,11/25/03,4,11,2003,November
5256,11/25/03,4,11,2003,November
4800,11/25/03,4,11,2003,November
4248,11/25/03,4,11,2003,November
4910,11/25/03,4,11,2003,November
2675,11/25/03,4,11,2003,November
1922,11/25/03,4,11,2003,November
5713,11/25/03,4,11,2003,November
2249,11/25/03,4,11,2003,November
4934,11/25/03,4,11,2003,November
4259,11/25/03,4,11,2003,November
5369,11/25/03,4,11,2003,November
2521,11/25/03,4,11,2003,November
2076,11/25/03,4,11,2003,November
3149,11/25/03,4,11,2003,November
5752,11/25/03,4,11,2003,November
3037,11/25/03,4,11,2003,November
3972,11/25/03,4,11,2003,November
2399,11/25/03,4,11,2003,November
4811,11/25/03,4,11,2003,November
1944,11/26/03,4,11,2003,November
2696,11/26/03,4,11,2003,November
5187,11/26/03,4,11,2003,November
2204,11/26/03,4,11,2003,November
4066,11/26/03,4,11,2003,November
5257,11/26/03,4,11,2003,November
3935,11/26/03,4,11,2003,November
5322,11/26/03,4,11,2003,November
5231,11/26/03,4,11,2003,November
4442,11/26/03,4,11,2003,November
4725,11/26/03,4,11,2003,November
3945,11/26/03,4,11,2003,November
5953,11/26/03,4,11,2003,November
1532,11/26/03,4,11,2003,November
1163,11/26/03,4,11,2003,November
3753,11/26/03,4,11,2003,November
3222,11/26/03,4,11,2003,November
5013,11/26/03,4,11,2003,November
2958,11/26/03,4,11,2003,November
3598,11/26/03,4,11,2003,November
5547,11/26/03,4,11,2003,November
1298,11/26/03,4,11,2003,November
3985,11/27/03,4,11,2003,November
5885,11/27/03,4,11,2003,November
5586,11/27/03,4,11,2003,November
3576,11/27/03,4,11,2003,November
2384,11/27/03,4,11,2003,November
2858,11/27/03,4,11,2003,November
3101,12/1/03,4,12,2003,December
5987,12/1/03,4,12,2003,December
4283,12/1/03,4,12,2003,December
2745,12/1/03,4,12,2003,December
5334,12/1/03,4,12,2003,December
5029,12/1/03,4,12,2003,December
3508,12/1/03,4,12,2003,December
5877,12/1/03,4,12,2003,December
1928,12/1/03,4,12,2003,December
4454,12/1/03,4,12,2003,December
2476,12/2/03,4,12,2003,December
2658,12/2/03,4,12,2003,December
3888,12/2/03,4,12,2003,December
4856,12/2/03,4,12,2003,December
1691,12/2/03,4,12,2003,December
2893,12/2/03,4,12,2003,December
5895,12/2/03,4,12,2003,December
5368,12/2/03,4,12,2003,December
1059,12/2/03,4,12,2003,December
1321,12/2/03,4,12,2003,December
3197,12/2/03,4,12,2003,December
5152,12/2/03,4,12,2003,December
2828,12/2/03,4,12,2003,December
1623,12/2/03,4,12,2003,December
3181,12/2/03,4,12,2003,December
1035,12/2/03,4,12,2003,December
4294,12/2/03,4,12,2003,December
2310,12/2/03,4,12,2003,December
2906,12/2/03,4,12,2003,December
2804,12/2/03,4,12,2003,December
2908,12/2/03,4,12,2003,December
2273,12/2/03,4,12,2003,December
3183,12/2/03,4,12,2003,December
4089,12/2/03,4,12,2003,December
5075,12/2/03,4,12,2003,December
1602,12/2/03,4,12,2003,December
2228,12/2/03,4,12,2003,December
2203,12/2/03,4,12,2003,December
4443,12/3/03,4,12,2003,December
4144,12/3/03,4,12,2003,December
4567,12/3/03,4,12,2003,December
4125,12/3/03,4,12,2003,December
3673,12/3/03,4,12,2003,December
4933,12/5/03,4,12,2003,December
5171,12/5/03,4,12,2003,December
2391,12/5/03,4,12,2003,December
5705,12/5/03,4,12,2003,December
1032,12/5/03,4,12,2003,December
5829,12/5/03,4,12,2003,December
2661,12/5/03,4,12,2003,December
1039,12/5/03,4,12,2003,December
1827,12/5/03,4,12,2003,December
4325,12/5/03,4,12,2003,December
3956,12/5/03,4,12,2003,December
4081,12/9/03,4,12,2003,December
1805,12/9/03,4,12,2003,December
2016,12/9/03,4,12,2003,December
4775,12/9/03,4,12,2003,December
3862,12/9/03,4,12,2003,December
5637,12/9/03,4,12,2003,December
2342,12/9/03,4,12,2003,December
5668,12/9/03,4,12,2003,December
2334,12/9/03,4,12,2003,December
3034,12/9/03,4,12,2003,December
4008,12/9/03,4,12,2003,December
2702,12/9/03,4,12,2003,December
1755,12/9/03,4,12,2003,December
3982,12/9/03,4,12,2003,December
1501,12/9/03,4,12,2003,December
4847,12/9/03,4,12,2003,December
4359,1/2/04,1,1,2004,January
2444,1/2/04,1,1,2004,January
1670,1/2/04,1,1,2004,January
4614,1/2/04,1,1,2004,January
1214,1/2/04,1,1,2004,January
3516,1/2/04,1,1,2004,January
4430,1/2/04,1,1,2004,January
1579,1/2/04,1,1,2004,January
2440,1/2/04,1,1,2004,January
4385,1/2/04,1,1,2004,January
3976,1/2/04,1,1,2004,January
1449,1/2/04,1,1,2004,January
3763,1/2/04,1,1,2004,January
1797,1/2/04,1,1,2004,January
5572,1/2/04,1,1,2004,January
4535,1/9/04,1,1,2004,January
1657,1/9/04,1,1,2004,January
4486,1/9/04,1,1,2004,January
5165,1/9/04,1,1,2004,January
5893,1/9/04,1,1,2004,January
1919,1/9/04,1,1,2004,January
3981,1/9/04,1,1,2004,January
2075,1/9/04,1,1,2004,January
4315,1/12/04,1,1,2004,January
1900,1/12/04,1,1,2004,January
4450,1/12/04,1,1,2004,January
3122,1/12/04,1,1,2004,January
1234,1/12/04,1,1,2004,January
4626,1/12/04,1,1,2004,January
5832,1/12/04,1,1,2004,January
1373,1/12/04,1,1,2004,January
2128,1/12/04,1,1,2004,January
2141,1/12/04,1,1,2004,January
4215,1/12/04,1,1,2004,January
1034,1/12/04,1,1,2004,January
5842,1/12/04,1,1,2004,January
2098,1/12/04,1,1,2004,January
1122,1/12/04,1,1,2004,January
5115,1/12/04,1,1,2004,January
2547,1/12/04,1,1,2004,January
2000,1/15/04,1,1,2004,January
5729,1/15/04,1,1,2004,January
2265,1/15/04,1,1,2004,January
5291,1/15/04,1,1,2004,January
4849,1/15/04,1,1,2004,January
4446,1/15/04,1,1,2004,January
5177,1/15/04,1,1,2004,January
5414,1/15/04,1,1,2004,January
2957,1/15/04,1,1,2004,January
4209,1/15/04,1,1,2004,January
4677,1/15/04,1,1,2004,January
2413,1/15/04,1,1,2004,January
5717,1/15/04,1,1,2004,January
1287,1/15/04,1,1,2004,January
3173,1/15/04,1,1,2004,January
1876,1/16/04,1,1,2004,January
1717,1/16/04,1,1,2004,January
3011,1/16/04,1,1,2004,January
1135,1/16/04,1,1,2004,January
3216,1/16/04,1,1,2004,January
2532,1/16/04,1,1,2004,January
3171,1/16/04,1,1,2004,January
2587,1/16/04,1,1,2004,January
5517,1/16/04,1,1,2004,January
4090,1/16/04,1,1,2004,January
3685,1/16/04,1,1,2004,January
1151,1/16/04,1,1,2004,January
5680,1/16/04,1,1,2004,January
1102,1/16/04,1,1,2004,January
1167,1/16/04,1,1,2004,January
4017,1/16/04,1,1,2004,January
3226,1/22/04,1,1,2004,January
1266,1/22/04,1,1,2004,January
3410,1/22/04,1,1,2004,January
1943,1/26/04,1,1,2004,January
1679,1/26/04,1,1,2004,January
1645,1/26/04,1,1,2004,January
2887,1/26/04,1,1,2004,January
1819,1/26/04,1,1,2004,January
2797,1/26/04,1,1,2004,January
3526,1/26/04,1,1,2004,January
1619,1/29/04,1,1,2004,January
3986,1/29/04,1,1,2004,January
3617,1/29/04,1,1,2004,January
3578,1/29/04,1,1,2004,January
2976,1/29/04,1,1,2004,January
4421,1/29/04,1,1,2004,January
3284,1/29/04,1,1,2004,January
5190,1/29/04,1,1,2004,January
4731,1/29/04,1,1,2004,January
4994,1/29/04,1,1,2004,January
5527,2/2/04,1,2,2004,February
1023,2/4/04,1,2,2004,February
5583,2/4/04,1,2,2004,February
2978,2/4/04,1,2,2004,February
5825,2/4/04,1,2,2004,February
1466,2/4/04,1,2,2004,February
1260,2/4/04,1,2,2004,February
5446,2/4/04,1,2,2004,February
1847,2/10/04,1,2,2004,February
3607,2/10/04,1,2,2004,February
3633,2/10/04,1,2,2004,February
2826,2/10/04,1,2,2004,February
3187,2/12/04,1,2,2004,February
2810,2/12/04,1,2,2004,February
3202,2/12/04,1,2,2004,February
2091,2/12/04,1,2,2004,February
4319,2/12/04,1,2,2004,February
4914,2/12/04,1,2,2004,February
1855,2/12/04,1,2,2004,February
3948,2/12/04,1,2,2004,February
2642,2/12/04,1,2,2004,February
5898,2/18/04,1,2,2004,February
3082,2/18/04,1,2,2004,February
4309,2/18/04,1,2,2004,February
1097,2/18/04,1,2,2004,February
2411,2/18/04,1,2,2004,February
3584,2/19/04,1,2,2004,February
1896,2/19/04,1,2,2004,February
5037,2/19/04,1,2,2004,February
5372,2/19/04,1,2,2004,February
3559,2/19/04,1,2,2004,February
5353,2/19/04,1,2,2004,February
5354,2/19/04,1,2,2004,February
2318,2/19/04,1,2,2004,February
5163,2/19/04,1,2,2004,February
3973,2/19/04,1,2,2004,February
3910,2/19/04,1,2,2004,February
3096,2/19/04,1,2,2004,February
5182,2/19/04,1,2,2004,February
1218,2/19/04,1,2,2004,February
4794,2/19/04,1,2,2004,February
3407,2/19/04,1,2,2004,February
2267,2/19/04,1,2,2004,February
5714,2/19/04,1,2,2004,February
5997,2/20/04,1,2,2004,February
3599,2/20/04,1,2,2004,February
4212,2/20/04,1,2,2004,February
4438,2/20/04,1,2,2004,February
3801,2/20/04,1,2,2004,February
1524,2/20/04,1,2,2004,February
4562,2/20/04,1,2,2004,February
5417,2/20/04,1,2,2004,February
5035,2/20/04,1,2,2004,February
5166,2/20/04,1,2,2004,February
1357,2/20/04,1,2,2004,February
2774,2/20/04,1,2,2004,February
4146,2/20/04,1,2,2004,February
4887,2/20/04,1,2,2004,February
5730,2/20/04,1,2,2004,February
1250,2/21/04,1,2,2004,February
3699,2/21/04,1,2,2004,February
1761,2/21/04,1,2,2004,February
1652,2/21/04,1,2,2004,February
4958,2/21/04,1,2,2004,February
3302,2/21/04,1,2,2004,February
3786,2/22/04,1,2,2004,February
4139,2/22/04,1,2,2004,February
4584,2/22/04,1,2,2004,February
3583,2/22/04,1,2,2004,February
4831,2/22/04,1,2,2004,February
2561,2/22/04,1,2,2004,February
1673,2/22/04,1,2,2004,February
4531,2/22/04,1,2,2004,February
3765,2/22/04,1,2,2004,February
5485,2/22/04,1,2,2004,February
4087,2/22/04,1,2,2004,February
5938,2/22/04,1,2,2004,February
4180,2/22/04,1,2,2004,February
1370,2/22/04,1,2,2004,February
5382,2/26/04,1,2,2004,February
3064,2/26/04,1,2,2004,February
4838,2/26/04,1,2,2004,February
2186,2/26/04,1,2,2004,February
1868,2/26/04,1,2,2004,February
4451,2/26/04,1,2,2004,February
2722,2/26/04,1,2,2004,February
4732,3/2/04,1,3,2004,March
1927,3/2/04,1,3,2004,March
4943,3/2/04,1,3,2004,March
3109,3/2/04,1,3,2004,March
4950,3/2/04,1,3,2004,March
5520,3/2/04,1,3,2004,March
4086,3/2/04,1,3,2004,March
2407,3/2/04,1,3,2004,March
2083,3/2/04,1,3,2004,March
4986,3/2/04,1,3,2004,March
3389,3/2/04,1,3,2004,March
2300,3/2/04,1,3,2004,March
1265,3/2/04,1,3,2004,March
3658,3/2/04,1,3,2004,March
3393,3/2/04,1,3,2004,March
1667,3/10/04,1,3,2004,March
2429,3/10/04,1,3,2004,March
2343,3/10/04,1,3,2004,March
3073,3/10/04,1,3,2004,March
1454,3/10/04,1,3,2004,March
2147,3/10/04,1,3,2004,March
1663,3/11/04,1,3,2004,March
4809,3/11/04,1,3,2004,March
2586,3/11/04,1,3,2004,March
2103,3/11/04,1,3,2004,March
3189,3/11/04,1,3,2004,March
3805,3/11/04,1,3,2004,March
3346,3/11/04,1,3,2004,March
5018,3/11/04,1,3,2004,March
3314,3/11/04,1,3,2004,March
2546,3/11/04,1,3,2004,March
5069,3/11/04,1,3,2004,March
1492,3/11/04,1,3,2004,March
4168,3/11/04,1,3,2004,March
2634,3/11/04,1,3,2004,March
4112,3/15/04,1,3,2004,March
3223,3/15/04,1,3,2004,March
5016,3/15/04,1,3,2004,March
5040,3/15/04,1,3,2004,March
1858,3/15/04,1,3,2004,March
4816,3/15/04,1,3,2004,March
5260,3/15/04,1,3,2004,March
2437,3/15/04,1,3,2004,March
1633,3/19/04,1,3,2004,March
1120,3/19/04,1,3,2004,March
3341,3/20/04,1,3,2004,March
1006,3/20/04,1,3,2004,March
3059,3/20/04,1,3,2004,March
4969,3/20/04,1,3,2004,March
1253,3/20/04,1,3,2004,March
1734,3/20/04,1,3,2004,March
4673,3/20/04,1,3,2004,March
5055,3/20/04,1,3,2004,March
5557,3/29/04,1,3,2004,March
4196,3/29/04,1,3,2004,March
3661,3/29/04,1,3,2004,March
2084,4/2/04,2,4,2004,April
5462,4/2/04,2,4,2004,April
3022,4/2/04,2,4,2004,April
3691,4/2/04,2,4,2004,April
4590,4/2/04,2,4,2004,April
2831,4/2/04,2,4,2004,April
5158,4/2/04,2,4,2004,April
1517,4/2/04,2,4,2004,April
5719,4/2/04,2,4,2004,April
3433,4/2/04,2,4,2004,April
4098,4/2/04,2,4,2004,April
1222,4/2/04,2,4,2004,April
1654,4/3/04,2,4,2004,April
1698,4/3/04,2,4,2004,April
3221,4/3/04,2,4,2004,April
3676,4/5/04,2,4,2004,April
5230,4/5/04,2,4,2004,April
2090,4/5/04,2,4,2004,April
4704,4/5/04,2,4,2004,April
3103,4/5/04,2,4,2004,April
1844,4/5/04,2,4,2004,April
3604,4/5/04,2,4,2004,April
3957,4/5/04,2,4,2004,April
5342,4/5/04,2,4,2004,April
3965,4/9/04,2,4,2004,April
2898,4/9/04,2,4,2004,April
3237,4/9/04,2,4,2004,April
1948,4/9/04,2,4,2004,April
2726,4/9/04,2,4,2004,April
2077,4/9/04,2,4,2004,April
4859,4/9/04,2,4,2004,April
3723,4/9/04,2,4,2004,April
3984,4/12/04,2,4,2004,April
5700,4/12/04,2,4,2004,April
4046,4/12/04,2,4,2004,April
1465,4/12/04,2,4,2004,April
5317,4/12/04,2,4,2004,April
1024,4/13/04,2,4,2004,April
3089,4/13/04,2,4,2004,April
2239,4/13/04,2,4,2004,April
3050,4/13/04,2,4,2004,April
4852,4/13/04,2,4,2004,April
4340,4/13/04,2,4,2004,April
4194,4/13/04,2,4,2004,April
2788,4/13/04,2,4,2004,April
3018,4/13/04,2,4,2004,April
4591,4/13/04,2,4,2004,April
5915,4/13/04,2,4,2004,April
2900,4/13/04,2,4,2004,April
2987,4/13/04,2,4,2004,April
3528,4/13/04,2,4,2004,April
2781,4/13/04,2,4,2004,April
5264,4/20/04,2,4,2004,April
2329,4/26/04,2,4,2004,April
3689,4/26/04,2,4,2004,April
3374,4/29/04,2,4,2004,April
5199,4/29/04,2,4,2004,April
1980,4/29/04,2,4,2004,April
5371,4/29/04,2,4,2004,April
4759,4/29/04,2,4,2004,April
5144,4/29/04,2,4,2004,April
2802,4/29/04,2,4,2004,April
1597,4/29/04,2,4,2004,April
4635,4/29/04,2,4,2004,April
5362,5/4/04,2,5,2004,May
1377,5/4/04,2,5,2004,May
2336,5/4/04,2,5,2004,May
3411,5/4/04,2,5,2004,May
4749,5/4/04,2,5,2004,May
1046,5/4/04,2,5,2004,May
2283,5/4/04,2,5,2004,May
4690,5/4/04,2,5,2004,May
4275,5/4/04,2,5,2004,May
3503,5/5/04,2,5,2004,May
2839,5/5/04,2,5,2004,May
2827,5/5/04,2,5,2004,May
5962,5/5/04,2,5,2004,May
5104,5/5/04,2,5,2004,May
2682,5/5/04,2,5,2004,May
5912,5/5/04,2,5,2004,May
4571,5/5/04,2,5,2004,May
4893,5/5/04,2,5,2004,May
4556,5/5/04,2,5,2004,May
1865,5/5/04,2,5,2004,May
5681,5/5/04,2,5,2004,May
3095,5/5/04,2,5,2004,May
4926,5/5/04,2,5,2004,May
1963,5/5/04,2,5,2004,May
3741,5/5/04,2,5,2004,May
4649,5/5/04,2,5,2004,May
1238,5/7/04,2,5,2004,May
4276,5/7/04,2,5,2004,May
5467,5/7/04,2,5,2004,May
3574,5/7/04,2,5,2004,May
5872,5/7/04,2,5,2004,May
1838,5/7/04,2,5,2004,May
5365,5/7/04,2,5,2004,May
3835,5/7/04,2,5,2004,May
1058,5/7/04,2,5,2004,May
2954,5/7/04,2,5,2004,May
4700,5/7/04,2,5,2004,May
5943,5/7/04,2,5,2004,May
2485,5/7/04,2,5,2004,May
5616,5/7/04,2,5,2004,May
1918,5/8/04,2,5,2004,May
2823,5/8/04,2,5,2004,May
2467,5/8/04,2,5,2004,May
1282,5/8/04,2,5,2004,May
5269,5/8/04,2,5,2004,May
2392,5/11/04,2,5,2004,May
1155,5/11/04,2,5,2004,May
5224,5/11/04,2,5,2004,May
2984,5/11/04,2,5,2004,May
4406,5/11/04,2,5,2004,May
4979,5/11/04,2,5,2004,May
2598,5/11/04,2,5,2004,May
3303,5/11/04,2,5,2004,May
2197,5/11/04,2,5,2004,May
3593,5/11/04,2,5,2004,May
1994,5/11/04,2,5,2004,May
4891,5/11/04,2,5,2004,May
3983,5/11/04,2,5,2004,May
5769,5/11/04,2,5,2004,May
5114,5/18/04,2,5,2004,May
3281,5/18/04,2,5,2004,May
3086,5/18/04,2,5,2004,May
5132,5/18/04,2,5,2004,May
5819,5/18/04,2,5,2004,May
2223,5/18/04,2,5,2004,May
5820,5/26/04,2,5,2004,May
5335,5/26/04,2,5,2004,May
4867,5/26/04,2,5,2004,May
2157,5/26/04,2,5,2004,May
4053,5/26/04,2,5,2004,May
1293,5/26/04,2,5,2004,May
2714,5/26/04,2,5,2004,May
2042,5/26/04,2,5,2004,May
3251,5/26/04,2,5,2004,May
2029,6/1/04,2,6,2004,June
2759,6/1/04,2,6,2004,June
4324,6/1/04,2,6,2004,June
4085,6/1/04,2,6,2004,June
5745,6/1/04,2,6,2004,June
4193,6/1/04,2,6,2004,June
3384,6/1/04,2,6,2004,June
1570,6/1/04,2,6,2004,June
3769,6/1/04,2,6,2004,June
4539,6/1/04,2,6,2004,June
5899,6/1/04,2,6,2004,June
2921,6/1/04,2,6,2004,June
4803,6/1/04,2,6,2004,June
2124,6/1/04,2,6,2004,June
4300,6/4/04,2,6,2004,June
3049,6/4/04,2,6,2004,June
4219,6/8/04,2,6,2004,June
5065,6/8/04,2,6,2004,June
4388,6/14/04,2,6,2004,June
5170,6/14/04,2,6,2004,June
3263,6/14/04,2,6,2004,June
1680,6/14/04,2,6,2004,June
4057,6/14/04,2,6,2004,June
2699,6/15/04,2,6,2004,June
3686,6/15/04,2,6,2004,June
4875,6/15/04,2,6,2004,June
2732,6/15/04,2,6,2004,June
5211,6/15/04,2,6,2004,June
4065,6/15/04,2,6,2004,June
2937,6/15/04,2,6,2004,June
5014,6/15/04,2,6,2004,June
2250,6/15/04,2,6,2004,June
2600,6/15/04,2,6,2004,June
1074,6/15/04,2,6,2004,June
3156,6/15/04,2,6,2004,June
3787,6/15/04,2,6,2004,June
3418,6/15/04,2,6,2004,June
4659,6/15/04,2,6,2004,June
3042,6/15/04,2,6,2004,June
4469,6/15/04,2,6,2004,June
3876,6/15/04,2,6,2004,June
2181,6/15/04,2,6,2004,June
5242,6/17/04,2,6,2004,June
2431,6/17/04,2,6,2004,June
1991,6/17/04,2,6,2004,June
2599,6/17/04,2,6,2004,June
2872,6/17/04,2,6,2004,June
2949,6/17/04,2,6,2004,June
4647,6/17/04,2,6,2004,June
3618,6/17/04,2,6,2004,June
1295,6/17/04,2,6,2004,June
2516,6/24/04,2,6,2004,June
3940,6/24/04,2,6,2004,June
3392,6/24/04,2,6,2004,June
3193,6/24/04,2,6,2004,June
2193,6/24/04,2,6,2004,June
3855,6/24/04,2,6,2004,June
4892,6/24/04,2,6,2004,June
5348,6/24/04,2,6,2004,June
1807,6/24/04,2,6,2004,June
2506,6/24/04,2,6,2004,June
4345,6/24/04,2,6,2004,June
2161,6/24/04,2,6,2004,June
3920,6/24/04,2,6,2004,June
4223,6/24/04,2,6,2004,June
2465,6/24/04,2,6,2004,June
3883,6/24/04,2,6,2004,June
4685,6/28/04,2,6,2004,June
4753,6/28/04,2,6,2004,June
2829,6/28/04,2,6,2004,June
3253,6/28/04,2,6,2004,June
1484,6/28/04,2,6,2004,June
2116,6/28/04,2,6,2004,June
3839,6/28/04,2,6,2004,June
5053,6/28/04,2,6,2004,June
3777,6/28/04,2,6,2004,June
1047,6/28/04,2,6,2004,June
2930,6/28/04,2,6,2004,June
3561,6/30/04,2,6,2004,June
5003,6/30/04,2,6,2004,June
5595,6/30/04,2,6,2004,June
5754,6/30/04,2,6,2004,June
1831,6/30/04,2,6,2004,June
3079,6/30/04,2,6,2004,June
2654,6/30/04,2,6,2004,June
1173,7/2/04,3,7,2004,July
2466,7/2/04,3,7,2004,July
3558,7/6/04,3,7,2004,July
1174,7/6/04,3,7,2004,July
5298,7/6/04,3,7,2004,July
4475,7/6/04,3,7,2004,July
2627,7/6/04,3,7,2004,July
2185,7/6/04,3,7,2004,July
3212,7/6/04,3,7,2004,July
4097,7/6/04,3,7,2004,July
2860,7/6/04,3,7,2004,July
1353,7/6/04,3,7,2004,July
3925,7/6/04,3,7,2004,July
4404,7/6/04,3,7,2004,July
2445,7/6/04,3,7,2004,July
4200,7/6/04,3,7,2004,July
2330,7/6/04,3,7,2004,July
1587,7/7/04,3,7,2004,July
2375,7/7/04,3,7,2004,July
4292,7/7/04,3,7,2004,July
1100,7/7/04,3,7,2004,July
4988,7/7/04,3,7,2004,July
1627,7/7/04,3,7,2004,July
3294,7/16/04,3,7,2004,July
1385,7/16/04,3,7,2004,July
2426,7/19/04,3,7,2004,July
4629,7/19/04,3,7,2004,July
3696,7/19/04,3,7,2004,July
5736,7/19/04,3,7,2004,July
4387,7/19/04,3,7,2004,July
4104,7/19/04,3,7,2004,July
2369,7/19/04,3,7,2004,July
3312,7/19/04,3,7,2004,July
1908,7/19/04,3,7,2004,July
1003,7/19/04,3,7,2004,July
1414,7/19/04,3,7,2004,July
1958,7/20/04,3,7,2004,July
3224,7/20/04,3,7,2004,July
3752,7/20/04,3,7,2004,July
4113,7/20/04,3,7,2004,July
4553,7/20/04,3,7,2004,July
4419,7/20/04,3,7,2004,July
3235,7/20/04,3,7,2004,July
3137,7/20/04,3,7,2004,July
3043,7/20/04,3,7,2004,July
1354,7/20/04,3,7,2004,July
3296,7/20/04,3,7,2004,July
3069,7/20/04,3,7,2004,July
2664,7/20/04,3,7,2004,July
3757,7/20/04,3,7,2004,July
1543,7/20/04,3,7,2004,July
5135,7/20/04,3,7,2004,July
5323,7/20/04,3,7,2004,July
5906,7/21/04,3,7,2004,July
4099,7/21/04,3,7,2004,July
2231,7/21/04,3,7,2004,July
5281,7/21/04,3,7,2004,July
5303,7/21/04,3,7,2004,July
5505,7/21/04,3,7,2004,July
2359,7/21/04,3,7,2004,July
4712,7/21/04,3,7,2004,July
4109,7/21/04,3,7,2004,July
1345,7/21/04,3,7,2004,July
1438,7/21/04,3,7,2004,July
1334,7/21/04,3,7,2004,July
4434,7/21/04,3,7,2004,July
5327,7/21/04,3,7,2004,July
4713,7/21/04,3,7,2004,July
3541,7/21/04,3,7,2004,July
1557,7/21/04,3,7,2004,July
2784,7/21/04,3,7,2004,July
2725,7/21/04,3,7,2004,July
4337,7/21/04,3,7,2004,July
3219,7/23/04,3,7,2004,July
2793,7/23/04,3,7,2004,July
3230,7/23/04,3,7,2004,July
2073,7/23/04,3,7,2004,July
2132,7/23/04,3,7,2004,July
4273,7/23/04,3,7,2004,July
1573,7/23/04,3,7,2004,July
2264,7/23/04,3,7,2004,July
2487,7/23/04,3,7,2004,July
2033,7/23/04,3,7,2004,July
4348,7/23/04,3,7,2004,July
3141,7/23/04,3,7,2004,July
3543,7/23/04,3,7,2004,July
1076,7/23/04,3,7,2004,July
2227,7/23/04,3,7,2004,July
4436,7/23/04,3,7,2004,July
5168,7/23/04,3,7,2004,July
5907,7/23/04,3,7,2004,July
2991,8/2/04,3,8,2004,August
4314,8/2/04,3,8,2004,August
3102,8/2/04,3,8,2004,August
4412,8/2/04,3,8,2004,August
3931,8/2/04,3,8,2004,August
4110,8/2/04,3,8,2004,August
3307,8/2/04,3,8,2004,August
2705,8/2/04,3,8,2004,August
2192,8/2/04,3,8,2004,August
1483,8/2/04,3,8,2004,August
4092,8/2/04,3,8,2004,August
2816,8/2/04,3,8,2004,August
3521,8/2/04,3,8,2004,August
5986,8/2/04,3,8,2004,August
3996,8/4/04,3,8,2004,August
4018,8/6/04,3,8,2004,August
4881,8/6/04,3,8,2004,August
3240,8/6/04,3,8,2004,August
3638,8/6/04,3,8,2004,August
2765,8/6/04,3,8,2004,August
5989,8/6/04,3,8,2004,August
4572,8/6/04,3,8,2004,August
1590,8/6/04,3,8,2004,August
3139,8/6/04,3,8,2004,August
4229,8/6/04,3,8,2004,August
4115,8/9/04,3,8,2004,August
3369,8/9/04,3,8,2004,August
2750,8/9/04,3,8,2004,August
2372,8/9/04,3,8,2004,August
4824,8/9/04,3,8,2004,August
5088,8/9/04,3,8,2004,August
1383,8/17/04,3,8,2004,August
4361,8/17/04,3,8,2004,August
1125,8/17/04,3,8,2004,August
3524,8/17/04,3,8,2004,August
1658,8/17/04,3,8,2004,August
4111,8/17/04,3,8,2004,August
3884,8/17/04,3,8,2004,August
3858,8/17/04,3,8,2004,August
4812,8/17/04,3,8,2004,August
4304,8/17/04,3,8,2004,August
5844,8/17/04,3,8,2004,August
4060,8/17/04,3,8,2004,August
1693,8/17/04,3,8,2004,August
1580,8/17/04,3,8,2004,August
4251,8/17/04,3,8,2004,August
4617,8/17/04,3,8,2004,August
4688,8/17/04,3,8,2004,August
4633,8/19/04,3,8,2004,August
1413,8/19/04,3,8,2004,August
5641,8/19/04,3,8,2004,August
4257,8/19/04,3,8,2004,August
2348,8/19/04,3,8,2004,August
1331,8/19/04,3,8,2004,August
3852,8/19/04,3,8,2004,August
2796,8/19/04,3,8,2004,August
1247,8/19/04,3,8,2004,August
3926,8/19/04,3,8,2004,August
2771,8/19/04,3,8,2004,August
5389,8/19/04,3,8,2004,August
3239,8/19/04,3,8,2004,August
4237,8/19/04,3,8,2004,August
3817,8/20/04,3,8,2004,August
2568,8/20/04,3,8,2004,August
5770,8/20/04,3,8,2004,August
2256,8/20/04,3,8,2004,August
2292,8/20/04,3,8,2004,August
1467,8/20/04,3,8,2004,August
5827,8/20/04,3,8,2004,August
3941,8/20/04,3,8,2004,August
5477,8/20/04,3,8,2004,August
5884,8/20/04,3,8,2004,August
5870,8/20/04,3,8,2004,August
5146,8/20/04,3,8,2004,August
4889,8/20/04,3,8,2004,August
3717,8/20/04,3,8,2004,August
4616,8/20/04,3,8,2004,August
1780,8/20/04,3,8,2004,August
4216,8/20/04,3,8,2004,August
1598,8/20/04,3,8,2004,August
4711,8/20/04,3,8,2004,August
3048,8/20/04,3,8,2004,August
5405,8/20/04,3,8,2004,August
4730,8/20/04,3,8,2004,August
1194,8/20/04,3,8,2004,August
3279,8/20/04,3,8,2004,August
4923,8/20/04,3,8,2004,August
3409,8/20/04,3,8,2004,August
1458,8/20/04,3,8,2004,August
1291,8/21/04,3,8,2004,August
3115,8/21/04,3,8,2004,August
3547,8/21/04,3,8,2004,August
2803,8/21/04,3,8,2004,August
3818,8/21/04,3,8,2004,August
1768,8/21/04,3,8,2004,August
2639,8/21/04,3,8,2004,August
2625,8/21/04,3,8,2004,August
4031,8/21/04,3,8,2004,August
5359,8/21/04,3,8,2004,August
3560,8/21/04,3,8,2004,August
3656,8/21/04,3,8,2004,August
4498,8/21/04,3,8,2004,August
5043,8/27/04,3,8,2004,August
2620,8/27/04,3,8,2004,August
3572,8/27/04,3,8,2004,August
4937,8/27/04,3,8,2004,August
5471,8/27/04,3,8,2004,August
3837,8/27/04,3,8,2004,August
1650,8/27/04,3,8,2004,August
4302,8/27/04,3,8,2004,August
4768,8/27/04,3,8,2004,August
2324,8/27/04,3,8,2004,August
3209,8/27/04,3,8,2004,August
4042,8/27/04,3,8,2004,August
5799,8/27/04,3,8,2004,August
1336,8/28/04,3,8,2004,August
4665,8/30/04,3,8,2004,August
5364,8/30/04,3,8,2004,August
4634,8/30/04,3,8,2004,August
3595,8/30/04,3,8,2004,August
3670,8/30/04,3,8,2004,August
4030,8/30/04,3,8,2004,August
3746,8/30/04,3,8,2004,August
2276,8/30/04,3,8,2004,August
5998,8/30/04,3,8,2004,August
1534,8/30/04,3,8,2004,August
5005,8/30/04,3,8,2004,August
4444,8/30/04,3,8,2004,August
2851,8/30/04,3,8,2004,August
2761,8/30/04,3,8,2004,August
3338,8/30/04,3,8,2004,August
2138,8/30/04,3,8,2004,August
1420,8/30/04,3,8,2004,August
2895,9/1/04,3,9,2004,September
4140,9/1/04,3,9,2004,September
5947,9/1/04,3,9,2004,September
2845,9/1/04,3,9,2004,September
1161,9/1/04,3,9,2004,September
4177,9/1/04,3,9,2004,September
4528,9/1/04,3,9,2004,September
5887,9/1/04,3,9,2004,September
5969,9/1/04,3,9,2004,September
4696,9/1/04,3,9,2004,September
3145,9/1/04,3,9,2004,September
3275,9/1/04,3,9,2004,September
1415,9/1/04,3,9,2004,September
3867,9/1/04,3,9,2004,September
2685,9/3/04,3,9,2004,September
1105,9/3/04,3,9,2004,September
5698,9/3/04,3,9,2004,September
1396,9/3/04,3,9,2004,September
3336,9/7/04,3,9,2004,September
1885,9/7/04,3,9,2004,September
2168,9/8/04,3,9,2004,September
1914,9/8/04,3,9,2004,September
2067,9/8/04,3,9,2004,September
3473,9/8/04,3,9,2004,September
5391,9/8/04,3,9,2004,September
5949,9/8/04,3,9,2004,September
5516,9/8/04,3,9,2004,September
4766,9/8/04,3,9,2004,September
1576,9/8/04,3,9,2004,September
3970,9/8/04,3,9,2004,September
2316,9/8/04,3,9,2004,September
5587,9/8/04,3,9,2004,September
5428,9/8/04,3,9,2004,September
5510,9/8/04,3,9,2004,September
1172,9/8/04,3,9,2004,September
5577,9/8/04,3,9,2004,September
5727,9/8/04,3,9,2004,September
5679,9/8/04,3,9,2004,September
2383,9/8/04,3,9,2004,September
3959,9/8/04,3,9,2004,September
2694,9/8/04,3,9,2004,September
1360,9/8/04,3,9,2004,September
5992,9/8/04,3,9,2004,September
5888,9/8/04,3,9,2004,September
4225,9/8/04,3,9,2004,September
5050,9/8/04,3,9,2004,September
5867,9/9/04,3,9,2004,September
4363,9/9/04,3,9,2004,September
3915,9/9/04,3,9,2004,September
3701,9/9/04,3,9,2004,September
5149,9/9/04,3,9,2004,September
2563,9/9/04,3,9,2004,September
4431,9/9/04,3,9,2004,September
5101,9/9/04,3,9,2004,September
5579,9/9/04,3,9,2004,September
4472,9/10/04,3,9,2004,September
5019,9/10/04,3,9,2004,September
5593,9/10/04,3,9,2004,September
4414,9/10/04,3,9,2004,September
1871,9/10/04,3,9,2004,September
5004,9/10/04,3,9,2004,September
3111,9/15/04,3,9,2004,September
3566,9/15/04,3,9,2004,September
5784,9/15/04,3,9,2004,September
1461,9/15/04,3,9,2004,September
2492,9/15/04,3,9,2004,September
3872,9/15/04,3,9,2004,September
4941,9/15/04,3,9,2004,September
2753,9/15/04,3,9,2004,September
3697,9/15/04,3,9,2004,September
4173,9/15/04,3,9,2004,September
4129,9/15/04,3,9,2004,September
3730,9/15/04,3,9,2004,September
4973,9/15/04,3,9,2004,September
3842,9/15/04,3,9,2004,September
1199,9/16/04,3,9,2004,September
1378,9/16/04,3,9,2004,September
1697,9/16/04,3,9,2004,September
4417,9/16/04,3,9,2004,September
4224,9/16/04,3,9,2004,September
2943,9/16/04,3,9,2004,September
5036,9/16/04,3,9,2004,September
1315,9/27/04,3,9,2004,September
4360,9/27/04,3,9,2004,September
3478,9/30/04,3,9,2004,September
3548,9/30/04,3,9,2004,September
1005,9/30/04,3,9,2004,September
1961,9/30/04,3,9,2004,September
4774,9/30/04,3,9,2004,September
1428,9/30/04,3,9,2004,September
2338,9/30/04,3,9,2004,September
4441,9/30/04,3,9,2004,September
3772,9/30/04,3,9,2004,September
3537,9/30/04,3,9,2004,September
5279,9/30/04,3,9,2004,September
2464,10/6/04,4,10,2004,October
1591,10/6/04,4,10,2004,October
4370,10/11/04,4,10,2004,October
2880,10/11/04,4,10,2004,October
2549,10/11/04,4,10,2004,October
2689,10/11/04,4,10,2004,October
4762,10/11/04,4,10,2004,October
4171,10/11/04,4,10,2004,October
1007,10/11/04,4,10,2004,October
5058,10/11/04,4,10,2004,October
4734,10/11/04,4,10,2004,October
1836,10/11/04,4,10,2004,October
3013,10/11/04,4,10,2004,October
4527,10/11/04,4,10,2004,October
2030,10/11/04,4,10,2004,October
2531,10/11/04,4,10,2004,October
4748,10/11/04,4,10,2004,October
1091,10/11/04,4,10,2004,October
1535,10/11/04,4,10,2004,October
5393,10/13/04,4,10,2004,October
4521,10/13/04,4,10,2004,October
3200,10/13/04,4,10,2004,October
1453,10/13/04,4,10,2004,October
2441,10/13/04,4,10,2004,October
2975,10/13/04,4,10,2004,October
5620,10/13/04,4,10,2004,October
1478,10/13/04,4,10,2004,October
5758,10/13/04,4,10,2004,October
3631,10/13/04,4,10,2004,October
4921,10/13/04,4,10,2004,October
5118,10/13/04,4,10,2004,October
4559,10/13/04,4,10,2004,October
2085,10/13/04,4,10,2004,October
2340,10/14/04,4,10,2004,October
5453,10/14/04,4,10,2004,October
4234,10/14/04,4,10,2004,October
3453,10/14/04,4,10,2004,October
5390,10/14/04,4,10,2004,October
1767,10/14/04,4,10,2004,October
3906,10/14/04,4,10,2004,October
3958,10/14/04,4,10,2004,October
1088,10/14/04,4,10,2004,October
5506,10/14/04,4,10,2004,October
1419,10/14/04,4,10,2004,October
4147,10/14/04,4,10,2004,October
4975,10/14/04,4,10,2004,October
5859,10/14/04,4,10,2004,October
1216,10/14/04,4,10,2004,October
4202,10/14/04,4,10,2004,October
2092,10/14/04,4,10,2004,October
1694,10/14/04,4,10,2004,October
2220,10/14/04,4,10,2004,October
3812,10/14/04,4,10,2004,October
1781,10/14/04,4,10,2004,October
5299,10/14/04,4,10,2004,October
4420,10/14/04,4,10,2004,October
1604,10/14/04,4,10,2004,October
2579,10/14/04,4,10,2004,October
5329,10/14/04,4,10,2004,October
5531,10/15/04,4,10,2004,October
3340,10/15/04,4,10,2004,October
4062,10/15/04,4,10,2004,October
1970,10/15/04,4,10,2004,October
2633,10/15/04,4,10,2004,October
1661,10/15/04,4,10,2004,October
5046,10/15/04,4,10,2004,October
4123,10/15/04,4,10,2004,October
2812,10/15/04,4,10,2004,October
5493,10/15/04,4,10,2004,October
2763,10/15/04,4,10,2004,October
1171,10/15/04,4,10,2004,October
2632,10/15/04,4,10,2004,October
2619,10/15/04,4,10,2004,October
5447,10/15/04,4,10,2004,October
2471,10/15/04,4,10,2004,October
1375,10/15/04,4,10,2004,October
4350,10/15/04,4,10,2004,October
5669,10/15/04,4,10,2004,October
5860,10/15/04,4,10,2004,October
3863,10/15/04,4,10,2004,October
2555,10/15/04,4,10,2004,October
4876,10/16/04,4,10,2004,October
4654,10/16/04,4,10,2004,October
3966,10/16/04,4,10,2004,October
5419,10/16/04,4,10,2004,October
1983,10/16/04,4,10,2004,October
2612,10/16/04,4,10,2004,October
4148,10/16/04,4,10,2004,October
3734,10/16/04,4,10,2004,October
1355,10/16/04,4,10,2004,October
2008,10/16/04,4,10,2004,October
3954,10/16/04,4,10,2004,October
3036,10/16/04,4,10,2004,October
2953,10/16/04,4,10,2004,October
3789,10/16/04,4,10,2004,October
3166,10/16/04,4,10,2004,October
5216,10/16/04,4,10,2004,October
2416,10/16/04,4,10,2004,October
4027,10/16/04,4,10,2004,October
3636,10/16/04,4,10,2004,October
5602,10/16/04,4,10,2004,October
5603,10/16/04,4,10,2004,October
4009,10/16/04,4,10,2004,October
2039,10/16/04,4,10,2004,October
1895,10/16/04,4,10,2004,October
3131,10/16/04,4,10,2004,October
3704,10/16/04,4,10,2004,October
4172,10/16/04,4,10,2004,October
4520,10/16/04,4,10,2004,October
1538,10/21/04,4,10,2004,October
3980,10/21/04,4,10,2004,October
5443,10/21/04,4,10,2004,October
2646,10/21/04,4,10,2004,October
1849,10/21/04,4,10,2004,October
2983,10/21/04,4,10,2004,October
1741,10/21/04,4,10,2004,October
2840,10/21/04,4,10,2004,October
5235,10/21/04,4,10,2004,October
2766,10/21/04,4,10,2004,October
4483,10/21/04,4,10,2004,October
3167,10/21/04,4,10,2004,October
3192,10/21/04,4,10,2004,October
1526,10/21/04,4,10,2004,October
1773,10/21/04,4,10,2004,October
1372,10/21/04,4,10,2004,October
3134,10/21/04,4,10,2004,October
3056,10/22/04,4,10,2004,October
3634,10/22/04,4,10,2004,October
5232,10/22/04,4,10,2004,October
2488,10/22/04,4,10,2004,October
3046,10/22/04,4,10,2004,October
3640,10/22/04,4,10,2004,October
2550,10/22/04,4,10,2004,October
5358,10/22/04,4,10,2004,October
5941,10/22/04,4,10,2004,October
5585,10/22/04,4,10,2004,October
2786,10/22/04,4,10,2004,October
2944,10/22/04,4,10,2004,October
5554,10/22/04,4,10,2004,October
5439,10/22/04,4,10,2004,October
5370,10/22/04,4,10,2004,October
4019,10/22/04,4,10,2004,October
2841,10/22/04,4,10,2004,October
2985,10/22/04,4,10,2004,October
1226,10/22/04,4,10,2004,October
3587,10/22/04,4,10,2004,October
1581,10/22/04,4,10,2004,October
5972,10/22/04,4,10,2004,October
3172,10/22/04,4,10,2004,October
1489,10/22/04,4,10,2004,October
2956,10/22/04,4,10,2004,October
3934,10/22/04,4,10,2004,October
2517,10/29/04,4,10,2004,October
1406,10/29/04,4,10,2004,October
3655,10/29/04,4,10,2004,October
5644,10/29/04,4,10,2004,October
5649,10/29/04,4,10,2004,October
3968,10/29/04,4,10,2004,October
1873,10/29/04,4,10,2004,October
4263,11/1/04,4,11,2004,November
1232,11/1/04,4,11,2004,November
1148,11/1/04,4,11,2004,November
1618,11/1/04,4,11,2004,November
1856,11/1/04,4,11,2004,November
5238,11/1/04,4,11,2004,November
4619,11/1/04,4,11,2004,November
2122,11/1/04,4,11,2004,November
3210,11/1/04,4,11,2004,November
5657,11/1/04,4,11,2004,November
2469,11/1/04,4,11,2004,November
4405,11/1/04,4,11,2004,November
5836,11/1/04,4,11,2004,November
3461,11/1/04,4,11,2004,November
5208,11/1/04,4,11,2004,November
1738,11/1/04,4,11,2004,November
3836,11/1/04,4,11,2004,November
5138,11/1/04,4,11,2004,November
4638,11/1/04,4,11,2004,November
2215,11/1/04,4,11,2004,November
1737,11/1/04,4,11,2004,November
1150,11/1/04,4,11,2004,November
2963,11/1/04,4,11,2004,November
1835,11/1/04,4,11,2004,November
5817,11/1/04,4,11,2004,November
1634,11/1/04,4,11,2004,November
1523,11/2/04,4,11,2004,November
1539,11/2/04,4,11,2004,November
4684,11/2/04,4,11,2004,November
1248,11/2/04,4,11,2004,November
5140,11/2/04,4,11,2004,November
3889,11/2/04,4,11,2004,November
1594,11/2/04,4,11,2004,November
3509,11/2/04,4,11,2004,November
4093,11/2/04,4,11,2004,November
1213,11/2/04,4,11,2004,November
5352,11/3/04,4,11,2004,November
4585,11/3/04,4,11,2004,November
3660,11/3/04,4,11,2004,November
2870,11/3/04,4,11,2004,November
1001,11/3/04,4,11,2004,November
4586,11/3/04,4,11,2004,November
1563,11/3/04,4,11,2004,November
2777,11/3/04,4,11,2004,November
5222,11/3/04,4,11,2004,November
2371,11/3/04,4,11,2004,November
4518,11/3/04,4,11,2004,November
4381,11/3/04,4,11,2004,November
3758,11/3/04,4,11,2004,November
4037,11/3/04,4,11,2004,November
4733,11/4/04,4,11,2004,November
4693,11/4/04,4,11,2004,November
3259,11/4/04,4,11,2004,November
2123,11/4/04,4,11,2004,November
2312,11/4/04,4,11,2004,November
4901,11/4/04,4,11,2004,November
1472,11/4/04,4,11,2004,November
2838,11/4/04,4,11,2004,November
3148,11/4/04,4,11,2004,November
4962,11/4/04,4,11,2004,November
2402,11/4/04,4,11,2004,November
3990,11/4/04,4,11,2004,November
1878,11/4/04,4,11,2004,November
2693,11/4/04,4,11,2004,November
5466,11/4/04,4,11,2004,November
3358,11/4/04,4,11,2004,November
4507,11/4/04,4,11,2004,November
2409,11/4/04,4,11,2004,November
5379,11/4/04,4,11,2004,November
3420,11/4/04,4,11,2004,November
1953,11/4/04,4,11,2004,November
4265,11/4/04,4,11,2004,November
2691,11/4/04,4,11,2004,November
1945,11/4/04,4,11,2004,November
4710,11/4/04,4,11,2004,November
2744,11/4/04,4,11,2004,November
5933,11/4/04,4,11,2004,November
5732,11/4/04,4,11,2004,November
5120,11/4/04,4,11,2004,November
3198,11/5/04,4,11,2004,November
5672,11/5/04,4,11,2004,November
2434,11/5/04,4,11,2004,November
2357,11/5/04,4,11,2004,November
2349,11/5/04,4,11,2004,November
3138,11/5/04,4,11,2004,November
1041,11/5/04,4,11,2004,November
2875,11/5/04,4,11,2004,November
4930,11/5/04,4,11,2004,November
4554,11/5/04,4,11,2004,November
2259,11/5/04,4,11,2004,November
5979,11/5/04,4,11,2004,November
3360,11/5/04,4,11,2004,November
3802,11/5/04,4,11,2004,November
2167,11/5/04,4,11,2004,November
5975,11/5/04,4,11,2004,November
2289,11/5/04,4,11,2004,November
3932,11/5/04,4,11,2004,November
4917,11/5/04,4,11,2004,November
5568,11/5/04,4,11,2004,November
1774,11/5/04,4,11,2004,November
5398,11/5/04,4,11,2004,November
3563,11/5/04,4,11,2004,November
1108,11/5/04,4,11,2004,November
2028,11/5/04,4,11,2004,November
4924,11/9/04,4,11,2004,November
1297,11/9/04,4,11,2004,November
5407,11/9/04,4,11,2004,November
5024,11/9/04,4,11,2004,November
2502,11/9/04,4,11,2004,November
2651,11/9/04,4,11,2004,November
5889,11/10/04,4,11,2004,November
3725,11/10/04,4,11,2004,November
3865,11/10/04,4,11,2004,November
2078,11/10/04,4,11,2004,November
4425,11/10/04,4,11,2004,November
3375,11/10/04,4,11,2004,November
3706,11/10/04,4,11,2004,November
3971,11/10/04,4,11,2004,November
2741,11/12/04,4,11,2004,November
2986,11/12/04,4,11,2004,November
4277,11/12/04,4,11,2004,November
1010,11/12/04,4,11,2004,November
2530,11/12/04,4,11,2004,November
1162,11/12/04,4,11,2004,November
2198,11/12/04,4,11,2004,November
1772,11/12/04,4,11,2004,November
2143,11/12/04,4,11,2004,November
2583,11/12/04,4,11,2004,November
4978,11/12/04,4,11,2004,November
4514,11/12/04,4,11,2004,November
5930,11/12/04,4,11,2004,November
4440,11/12/04,4,11,2004,November
2074,11/15/04,4,11,2004,November
4761,11/15/04,4,11,2004,November
1647,11/15/04,4,11,2004,November
1779,11/15/04,4,11,2004,November
1017,11/15/04,4,11,2004,November
1236,11/15/04,4,11,2004,November
4426,11/15/04,4,11,2004,November
5360,11/15/04,4,11,2004,November
1087,11/15/04,4,11,2004,November
1398,11/15/04,4,11,2004,November
1136,11/15/04,4,11,2004,November
2920,11/15/04,4,11,2004,November
3322,11/15/04,4,11,2004,November
1989,11/15/04,4,11,2004,November
1742,11/15/04,4,11,2004,November
1596,11/16/04,4,11,2004,November
3998,11/16/04,4,11,2004,November
1460,11/16/04,4,11,2004,November
5445,11/16/04,4,11,2004,November
5652,11/17/04,4,11,2004,November
1854,11/17/04,4,11,2004,November
3592,11/17/04,4,11,2004,November
1801,11/17/04,4,11,2004,November
1386,11/17/04,4,11,2004,November
1008,11/17/04,4,11,2004,November
4992,11/17/04,4,11,2004,November
4332,11/17/04,4,11,2004,November
1820,11/17/04,4,11,2004,November
3274,11/17/04,4,11,2004,November
1283,11/17/04,4,11,2004,November
5006,11/17/04,4,11,2004,November
5309,11/17/04,4,11,2004,November
1447,11/17/04,4,11,2004,November
3373,11/17/04,4,11,2004,November
2644,11/17/04,4,11,2004,November
4342,11/17/04,4,11,2004,November
1622,11/17/04,4,11,2004,November
5349,11/17/04,4,11,2004,November
1422,11/17/04,4,11,2004,November
5433,11/17/04,4,11,2004,November
3077,11/17/04,4,11,2004,November
2394,11/17/04,4,11,2004,November
4622,11/17/04,4,11,2004,November
5110,11/17/04,4,11,2004,November
2149,11/17/04,4,11,2004,November
3185,11/17/04,4,11,2004,November
5781,11/17/04,4,11,2004,November
2652,11/17/04,4,11,2004,November
2491,11/17/04,4,11,2004,November
4006,11/17/04,4,11,2004,November
4226,11/17/04,4,11,2004,November
4600,11/18/04,4,11,2004,November
4682,11/18/04,4,11,2004,November
3609,11/18/04,4,11,2004,November
3072,11/18/04,4,11,2004,November
5788,11/18/04,4,11,2004,November
2712,11/18/04,4,11,2004,November
3828,11/18/04,4,11,2004,November
1404,11/18/04,4,11,2004,November
4522,11/19/04,4,11,2004,November
4814,11/19/04,4,11,2004,November
4767,11/19/04,4,11,2004,November
4547,11/19/04,4,11,2004,November
5918,11/19/04,4,11,2004,November
1655,11/19/04,4,11,2004,November
2189,11/19/04,4,11,2004,November
4541,11/19/04,4,11,2004,November
3951,11/19/04,4,11,2004,November
5155,11/20/04,4,11,2004,November
2892,11/20/04,4,11,2004,November
1979,11/20/04,4,11,2004,November
5861,11/20/04,4,11,2004,November
4959,11/20/04,4,11,2004,November
2493,11/20/04,4,11,2004,November
5219,11/20/04,4,11,2004,November
2022,11/20/04,4,11,2004,November
5735,11/20/04,4,11,2004,November
2017,11/20/04,4,11,2004,November
4537,11/20/04,4,11,2004,November
4354,11/20/04,4,11,2004,November
4871,11/21/04,4,11,2004,November
4955,11/21/04,4,11,2004,November
1978,11/21/04,4,11,2004,November
6000,11/21/04,4,11,2004,November
4601,11/21/04,4,11,2004,November
3213,11/21/04,4,11,2004,November
5650,11/21/04,4,11,2004,November
2419,11/21/04,4,11,2004,November
5916,11/21/04,4,11,2004,November
1606,11/22/04,4,11,2004,November
1060,11/22/04,4,11,2004,November
3454,11/22/04,4,11,2004,November
1894,11/23/04,4,11,2004,November
5685,11/23/04,4,11,2004,November
1830,11/23/04,4,11,2004,November
4790,11/23/04,4,11,2004,November
5725,11/23/04,4,11,2004,November
4015,11/23/04,4,11,2004,November
5634,11/23/04,4,11,2004,November
4850,11/23/04,4,11,2004,November
4116,11/23/04,4,11,2004,November
1902,11/23/04,4,11,2004,November
3270,11/23/04,4,11,2004,November
2603,11/23/04,4,11,2004,November
3488,11/23/04,4,11,2004,November
3620,11/23/04,4,11,2004,November
5468,11/23/04,4,11,2004,November
1208,11/23/04,4,11,2004,November
1507,11/24/04,4,11,2004,November
4723,11/24/04,4,11,2004,November
4291,11/24/04,4,11,2004,November
1930,11/24/04,4,11,2004,November
5406,11/24/04,4,11,2004,November
1425,11/24/04,4,11,2004,November
1703,11/24/04,4,11,2004,November
4320,11/24/04,4,11,2004,November
1569,11/24/04,4,11,2004,November
1079,11/24/04,4,11,2004,November
2280,11/24/04,4,11,2004,November
5227,11/24/04,4,11,2004,November
2680,11/24/04,4,11,2004,November
1521,11/24/04,4,11,2004,November
2559,11/24/04,4,11,2004,November
5809,11/24/04,4,11,2004,November
4003,11/24/04,4,11,2004,November
3364,11/24/04,4,11,2004,November
2742,11/24/04,4,11,2004,November
5125,11/24/04,4,11,2004,November
2225,11/24/04,4,11,2004,November
5236,11/24/04,4,11,2004,November
4073,11/24/04,4,11,2004,November
5331,11/24/04,4,11,2004,November
1133,11/24/04,4,11,2004,November
2910,11/24/04,4,11,2004,November
2672,11/24/04,4,11,2004,November
1230,11/24/04,4,11,2004,November
1923,11/24/04,4,11,2004,November
1681,11/24/04,4,11,2004,November
3347,11/24/04,4,11,2004,November
2422,11/24/04,4,11,2004,November
1185,11/24/04,4,11,2004,November
1973,11/24/04,4,11,2004,November
4135,11/24/04,4,11,2004,November
1601,11/25/04,4,11,2004,November
2381,11/25/04,4,11,2004,November
3694,11/25/04,4,11,2004,November
2641,11/25/04,4,11,2004,November
1063,11/25/04,4,11,2004,November
5328,11/25/04,4,11,2004,November
2996,11/25/04,4,11,2004,November
3507,11/25/04,4,11,2004,November
3247,11/29/04,4,11,2004,November
5963,11/29/04,4,11,2004,November
1674,11/29/04,4,11,2004,November
5522,11/29/04,4,11,2004,November
1566,11/29/04,4,11,2004,November
2463,11/29/04,4,11,2004,November
2980,11/29/04,4,11,2004,November
5438,11/29/04,4,11,2004,November
3623,11/29/04,4,11,2004,November
5332,11/29/04,4,11,2004,November
2535,11/29/04,4,11,2004,November
3177,11/29/04,4,11,2004,November
1389,11/29/04,4,11,2004,November
4773,11/29/04,4,11,2004,November
5999,11/29/04,4,11,2004,November
1145,11/29/04,4,11,2004,November
3176,11/29/04,4,11,2004,November
5063,11/29/04,4,11,2004,November
2240,12/1/04,4,12,2004,December
3662,12/1/04,4,12,2004,December
5333,12/1/04,4,12,2004,December
2097,12/1/04,4,12,2004,December
5430,12/1/04,4,12,2004,December
4598,12/1/04,4,12,2004,December
3112,12/1/04,4,12,2004,December
3254,12/1/04,4,12,2004,December
3008,12/1/04,4,12,2004,December
4844,12/1/04,4,12,2004,December
4628,12/2/04,4,12,2004,December
2528,12/2/04,4,12,2004,December
4952,12/2/04,4,12,2004,December
1751,12/2/04,4,12,2004,December
2200,12/2/04,4,12,2004,December
2965,12/2/04,4,12,2004,December
1519,12/2/04,4,12,2004,December
3117,12/2/04,4,12,2004,December
1324,12/2/04,4,12,2004,December
2236,12/2/04,4,12,2004,December
3465,12/2/04,4,12,2004,December
1258,12/2/04,4,12,2004,December
3238,12/2/04,4,12,2004,December
5392,12/2/04,4,12,2004,December
2142,12/2/04,4,12,2004,December
2638,12/2/04,4,12,2004,December
2928,12/2/04,4,12,2004,December
1756,12/3/04,4,12,2004,December
1743,12/3/04,4,12,2004,December
3280,12/3/04,4,12,2004,December
2331,12/3/04,4,12,2004,December
5251,12/3/04,4,12,2004,December
2053,12/3/04,4,12,2004,December
2677,12/3/04,4,12,2004,December
5206,12/3/04,4,12,2004,December
4888,12/3/04,4,12,2004,December
3832,12/4/04,4,12,2004,December
1111,12/4/04,4,12,2004,December
3494,12/4/04,4,12,2004,December
4492,12/4/04,4,12,2004,December
4124,12/4/04,4,12,2004,December
4754,12/4/04,4,12,2004,December
5771,12/4/04,4,12,2004,December
5560,12/4/04,4,12,2004,December
1874,12/4/04,4,12,2004,December
2311,12/7/04,4,12,2004,December
5607,12/7/04,4,12,2004,December
2707,12/7/04,4,12,2004,December
1090,12/7/04,4,12,2004,December
2287,12/7/04,4,12,2004,December
2899,12/7/04,4,12,2004,December
2347,12/7/04,4,12,2004,December
1904,12/7/04,4,12,2004,December
2671,12/7/04,4,12,2004,December
1724,12/7/04,4,12,2004,December
1205,12/9/04,4,12,2004,December
1066,12/9/04,4,12,2004,December
5011,12/9/04,4,12,2004,December
3425,12/9/04,4,12,2004,December
1889,12/9/04,4,12,2004,December
5981,12/9/04,4,12,2004,December
5660,12/9/04,4,12,2004,December
2140,12/9/04,4,12,2004,December
2513,12/9/04,4,12,2004,December
4524,12/10/04,4,12,2004,December
4620,12/10/04,4,12,2004,December
1242,12/10/04,4,12,2004,December
3402,12/10/04,4,12,2004,December
4592,12/10/04,4,12,2004,December
3470,12/10/04,4,12,2004,December
1974,12/10/04,4,12,2004,December
5137,12/10/04,4,12,2004,December
4407,12/10/04,4,12,2004,December
5699,12/10/04,4,12,2004,December
5017,12/10/04,4,12,2004,December
1220,12/10/04,4,12,2004,December
5119,12/10/04,4,12,2004,December
4494,12/10/04,4,12,2004,December
5841,12/10/04,4,12,2004,December
3943,12/10/04,4,12,2004,December
4555,12/10/04,4,12,2004,December
4721,12/10/04,4,12,2004,December
1684,12/10/04,4,12,2004,December
3767,12/10/04,4,12,2004,December
1494,12/10/04,4,12,2004,December
5782,12/10/04,4,12,2004,December
4488,12/10/04,4,12,2004,December
2877,12/10/04,4,12,2004,December
5739,12/15/04,4,12,2004,December
4650,12/15/04,4,12,2004,December
1544,12/15/04,4,12,2004,December
3512,12/15/04,4,12,2004,December
3107,12/15/04,4,12,2004,December
2154,12/15/04,4,12,2004,December
2504,12/15/04,4,12,2004,December
3791,12/15/04,4,12,2004,December
4843,12/17/04,4,12,2004,December
2072,12/17/04,4,12,2004,December
5083,12/17/04,4,12,2004,December
1227,12/17/04,4,12,2004,December
4612,12/17/04,4,12,2004,December
1009,12/17/04,4,12,2004,December
2295,12/17/04,4,12,2004,December
3994,12/17/04,4,12,2004,December
5894,12/17/04,4,12,2004,December
2611,12/17/04,4,12,2004,December
4297,12/17/04,4,12,2004,December
3415,12/17/04,4,12,2004,December
3477,12/17/04,4,12,2004,December
2066,12/17/04,4,12,2004,December
5787,1/5/05,1,1,2005,January
1158,1/5/05,1,1,2005,January
4593,1/5/05,1,1,2005,January
1536,1/5/05,1,1,2005,January
2428,1/6/05,1,1,2005,January
3992,1/6/05,1,1,2005,January
2298,1/6/05,1,1,2005,January
3853,1/6/05,1,1,2005,January
2350,1/6/05,1,1,2005,January
1852,1/6/05,1,1,2005,January
5718,1/6/05,1,1,2005,January
3748,1/6/05,1,1,2005,January
2182,1/6/05,1,1,2005,January
5244,1/6/05,1,1,2005,January
3927,1/6/05,1,1,2005,January
1739,1/6/05,1,1,2005,January
5255,1/6/05,1,1,2005,January
5444,1/6/05,1,1,2005,January
3869,1/6/05,1,1,2005,January
4366,1/6/05,1,1,2005,January
4102,1/7/05,1,1,2005,January
2631,1/7/05,1,1,2005,January
1206,1/7/05,1,1,2005,January
2767,1/10/05,1,1,2005,January
4909,1/10/05,1,1,2005,January
5109,1/10/05,1,1,2005,January
3751,1/12/05,1,1,2005,January
1686,1/12/05,1,1,2005,January
1499,1/12/05,1,1,2005,January
5416,1/12/05,1,1,2005,January
5213,1/12/05,1,1,2005,January
3854,1/12/05,1,1,2005,January
1803,1/12/05,1,1,2005,January
3922,1/12/05,1,1,2005,January
3119,1/12/05,1,1,2005,January
2361,1/12/05,1,1,2005,January
2806,1/12/05,1,1,2005,January
1740,1/12/05,1,1,2005,January
3813,1/12/05,1,1,2005,January
1985,1/19/05,1,1,2005,January
5440,1/19/05,1,1,2005,January
5044,1/19/05,1,1,2005,January
3879,1/19/05,1,1,2005,January
4321,1/19/05,1,1,2005,January
2876,1/20/05,1,1,2005,January
5463,1/20/05,1,1,2005,January
4583,1/20/05,1,1,2005,January
4801,1/20/05,1,1,2005,January
1134,1/20/05,1,1,2005,January
3847,1/20/05,1,1,2005,January
2663,1/20/05,1,1,2005,January
2515,1/20/05,1,1,2005,January
5051,1/20/05,1,1,2005,January
2169,1/20/05,1,1,2005,January
2717,1/20/05,1,1,2005,January
1187,1/20/05,1,1,2005,January
3157,1/20/05,1,1,2005,January
1179,1/20/05,1,1,2005,January
5367,1/20/05,1,1,2005,January
3893,1/20/05,1,1,2005,January
4896,1/20/05,1,1,2005,January
4352,1/23/05,1,1,2005,January
5116,1/23/05,1,1,2005,January
2214,1/23/05,1,1,2005,January
1243,1/23/05,1,1,2005,January
4882,1/23/05,1,1,2005,January
5070,1/23/05,1,1,2005,January
2044,1/23/05,1,1,2005,January
5847,1/23/05,1,1,2005,January
2834,1/23/05,1,1,2005,January
4183,1/23/05,1,1,2005,January
1225,1/23/05,1,1,2005,January
2669,1/23/05,1,1,2005,January
5878,1/26/05,1,1,2005,January
5900,1/26/05,1,1,2005,January
2857,1/26/05,1,1,2005,January
1469,1/26/05,1,1,2005,January
4455,1/26/05,1,1,2005,January
2152,1/26/05,1,1,2005,January
3085,1/26/05,1,1,2005,January
5142,1/26/05,1,1,2005,January
5688,1/26/05,1,1,2005,January
5202,1/31/05,1,1,2005,January
2739,1/31/05,1,1,2005,January
2048,1/31/05,1,1,2005,January
5761,1/31/05,1,1,2005,January
4815,1/31/05,1,1,2005,January
4055,1/31/05,1,1,2005,January
1459,1/31/05,1,1,2005,January
3790,1/31/05,1,1,2005,January
5310,1/31/05,1,1,2005,January
2027,1/31/05,1,1,2005,January
3436,1/31/05,1,1,2005,January
1081,1/31/05,1,1,2005,January
5767,1/31/05,1,1,2005,January
2995,1/31/05,1,1,2005,January
1486,1/31/05,1,1,2005,January
3627,1/31/05,1,1,2005,January
1348,1/31/05,1,1,2005,January
5343,2/2/05,1,2,2005,February
1628,2/2/05,1,2,2005,February
2919,2/2/05,1,2,2005,February
4039,2/2/05,1,2,2005,February
2544,2/2/05,1,2,2005,February
3690,2/2/05,1,2,2005,February
3653,2/3/05,1,2,2005,February
3525,2/3/05,1,2,2005,February
4131,2/3/05,1,2,2005,February
1911,2/3/05,1,2,2005,February
2935,2/3/05,1,2,2005,February
3474,2/3/05,1,2,2005,February
2351,2/3/05,1,2,2005,February
1813,2/3/05,1,2,2005,February
3993,2/3/05,1,2,2005,February
5320,2/3/05,1,2,2005,February
1642,2/3/05,1,2,2005,February
4542,2/3/05,1,2,2005,February
5100,2/3/05,1,2,2005,February
2729,2/3/05,1,2,2005,February
4105,2/3/05,1,2,2005,February
1934,2/8/05,1,2,2005,February
2994,2/9/05,1,2,2005,February
3372,2/9/05,1,2,2005,February
5642,2/9/05,1,2,2005,February
3899,2/9/05,1,2,2005,February
5237,2/9/05,1,2,2005,February
1333,2/9/05,1,2,2005,February
4707,2/10/05,1,2,2005,February
4163,2/10/05,1,2,2005,February
2288,2/10/05,1,2,2005,February
5319,2/10/05,1,2,2005,February
5496,2/10/05,1,2,2005,February
5921,2/10/05,1,2,2005,February
1154,2/10/05,1,2,2005,February
2820,2/10/05,1,2,2005,February
4365,2/10/05,1,2,2005,February
3650,2/10/05,1,2,2005,February
2378,2/10/05,1,2,2005,February
4408,2/10/05,1,2,2005,February
2884,2/10/05,1,2,2005,February
4709,2/10/05,1,2,2005,February
3619,2/10/05,1,2,2005,February
5667,2/16/05,1,2,2005,February
4530,2/16/05,1,2,2005,February
5431,2/16/05,1,2,2005,February
2224,2/16/05,1,2,2005,February
1277,2/16/05,1,2,2005,February
1191,2/16/05,1,2,2005,February
3299,2/16/05,1,2,2005,February
5185,2/16/05,1,2,2005,February
3520,2/16/05,1,2,2005,February
5292,2/16/05,1,2,2005,February
5910,2/16/05,1,2,2005,February
3707,2/16/05,1,2,2005,February
4191,2/16/05,1,2,2005,February
5544,2/17/05,1,2,2005,February
1515,2/17/05,1,2,2005,February
4552,2/17/05,1,2,2005,February
5045,2/17/05,1,2,2005,February
3154,2/17/05,1,2,2005,February
5093,2/17/05,1,2,2005,February
2012,2/17/05,1,2,2005,February
5543,2/17/05,1,2,2005,February
5097,2/17/05,1,2,2005,February
2972,2/17/05,1,2,2005,February
5803,2/17/05,1,2,2005,February
3486,2/17/05,1,2,2005,February
5952,2/17/05,1,2,2005,February
4001,2/17/05,1,2,2005,February
5159,2/17/05,1,2,2005,February
4883,2/17/05,1,2,2005,February
3292,2/17/05,1,2,2005,February
5289,2/17/05,1,2,2005,February
4902,2/17/05,1,2,2005,February
4022,2/17/05,1,2,2005,February
3793,2/17/05,1,2,2005,February
3057,2/17/05,1,2,2005,February
2436,2/22/05,1,2,2005,February
1311,2/22/05,1,2,2005,February
3684,2/22/05,1,2,2005,February
1867,2/22/05,1,2,2005,February
1607,2/22/05,1,2,2005,February
4410,2/22/05,1,2,2005,February
3060,2/22/05,1,2,2005,February
5172,2/22/05,1,2,2005,February
4525,2/22/05,1,2,2005,February
1178,2/22/05,1,2,2005,February
4830,2/22/05,1,2,2005,February
3078,2/22/05,1,2,2005,February
2989,2/22/05,1,2,2005,February
5344,2/23/05,1,2,2005,February
4120,2/23/05,1,2,2005,February
2539,2/23/05,1,2,2005,February
5028,2/23/05,1,2,2005,February
2026,2/28/05,1,2,2005,February
4096,2/28/05,1,2,2005,February
4195,3/1/05,1,3,2005,March
4818,3/1/05,1,3,2005,March
3647,3/1/05,1,3,2005,March
1496,3/1/05,1,3,2005,March
2785,3/1/05,1,3,2005,March
1388,3/1/05,1,3,2005,March
1730,3/1/05,1,3,2005,March
2584,3/1/05,1,3,2005,March
4272,3/1/05,1,3,2005,March
4916,3/1/05,1,3,2005,March
2688,3/1/05,1,3,2005,March
3628,3/1/05,1,3,2005,March
2275,3/1/05,1,3,2005,March
5635,3/1/05,1,3,2005,March
2080,3/1/05,1,3,2005,March
4465,3/1/05,1,3,2005,March
4401,3/1/05,1,3,2005,March
4262,3/1/05,1,3,2005,March
2109,3/2/05,1,3,2005,March
2580,3/3/05,1,3,2005,March
3391,3/3/05,1,3,2005,March
5128,3/3/05,1,3,2005,March
1342,3/3/05,1,3,2005,March
1314,3/3/05,1,3,2005,March
5734,3/3/05,1,3,2005,March
4736,3/3/05,1,3,2005,March
3255,3/3/05,1,3,2005,March
5983,3/3/05,1,3,2005,March
4094,3/3/05,1,3,2005,March
1202,3/3/05,1,3,2005,March
3032,3/3/05,1,3,2005,March
2720,3/3/05,1,3,2005,March
2499,3/3/05,1,3,2005,March
5724,3/3/05,1,3,2005,March
3573,3/3/05,1,3,2005,March
3067,3/4/05,1,3,2005,March
3582,3/4/05,1,3,2005,March
1497,3/4/05,1,3,2005,March
3733,3/4/05,1,3,2005,March
5139,3/4/05,1,3,2005,March
3081,3/4/05,1,3,2005,March
1603,3/4/05,1,3,2005,March
1785,3/4/05,1,3,2005,March
1123,3/4/05,1,3,2005,March
1180,3/4/05,1,3,2005,March
5928,3/4/05,1,3,2005,March
5823,3/4/05,1,3,2005,March
2087,3/4/05,1,3,2005,March
1197,3/4/05,1,3,2005,March
1080,3/4/05,1,3,2005,March
2542,3/4/05,1,3,2005,March
1530,3/9/05,1,3,2005,March
4582,3/9/05,1,3,2005,March
4470,3/9/05,1,3,2005,March
1754,3/9/05,1,3,2005,March
4544,3/9/05,1,3,2005,March
1988,3/9/05,1,3,2005,March
4432,3/9/05,1,3,2005,March
5955,3/9/05,1,3,2005,March
5558,3/9/05,1,3,2005,March
1665,3/9/05,1,3,2005,March
2814,3/10/05,1,3,2005,March
1275,3/10/05,1,3,2005,March
3093,3/10/05,1,3,2005,March
2450,3/15/05,1,3,2005,March
1071,3/15/05,1,3,2005,March
5797,3/15/05,1,3,2005,March
3190,3/15/05,1,3,2005,March
3351,3/15/05,1,3,2005,March
5381,3/15/05,1,3,2005,March
5519,3/15/05,1,3,2005,March
4484,3/17/05,1,3,2005,March
3084,3/17/05,1,3,2005,March
1096,3/17/05,1,3,2005,March
4240,3/17/05,1,3,2005,March
2406,3/23/05,1,3,2005,March
1809,3/23/05,1,3,2005,March
2799,3/23/05,1,3,2005,March
3511,3/23/05,1,3,2005,March
4040,3/23/05,1,3,2005,March
2395,3/23/05,1,3,2005,March
5909,3/23/05,1,3,2005,March
4868,3/23/05,1,3,2005,March
1095,3/28/05,1,3,2005,March
5931,3/28/05,1,3,2005,March
1946,3/28/05,1,3,2005,March
3326,3/28/05,1,3,2005,March
1924,3/28/05,1,3,2005,March
3058,3/30/05,1,3,2005,March
4666,3/30/05,1,3,2005,March
1752,3/30/05,1,3,2005,March
5154,3/30/05,1,3,2005,March
4938,3/30/05,1,3,2005,March
5066,3/30/05,1,3,2005,March
2751,3/30/05,1,3,2005,March
2319,3/30/05,1,3,2005,March
3273,3/30/05,1,3,2005,March
5204,3/30/05,1,3,2005,March
2148,3/30/05,1,3,2005,March
2207,3/30/05,1,3,2005,March
2679,3/30/05,1,3,2005,March
3848,3/30/05,1,3,2005,March
4247,3/30/05,1,3,2005,March
3497,3/30/05,1,3,2005,March
1999,3/30/05,1,3,2005,March
4070,3/30/05,1,3,2005,March
3645,4/1/05,2,4,2005,April
2754,4/1/05,2,4,2005,April
5614,4/1/05,2,4,2005,April
3126,4/1/05,2,4,2005,April
5313,4/1/05,2,4,2005,April
3908,4/1/05,2,4,2005,April
4783,4/1/05,2,4,2005,April
2410,4/1/05,2,4,2005,April
4149,4/1/05,2,4,2005,April
3840,4/3/05,2,4,2005,April
3523,4/3/05,2,4,2005,April
1746,4/3/05,2,4,2005,April
2907,4/3/05,2,4,2005,April
4317,4/3/05,2,4,2005,April
2468,4/3/05,2,4,2005,April
4532,4/3/05,2,4,2005,April
1159,4/3/05,2,4,2005,April
3819,4/3/05,2,4,2005,April
1632,4/3/05,2,4,2005,April
1723,4/3/05,2,4,2005,April
3519,4/3/05,2,4,2005,April
3999,4/7/05,2,4,2005,April
5811,4/7/05,2,4,2005,April
1264,4/7/05,2,4,2005,April
2370,4/8/05,2,4,2005,April
5123,4/8/05,2,4,2005,April
3313,4/8/05,2,4,2005,April
2534,4/8/05,2,4,2005,April
1528,4/8/05,2,4,2005,April
4280,4/8/05,2,4,2005,April
5661,4/8/05,2,4,2005,April
3182,4/8/05,2,4,2005,April
1110,4/8/05,2,4,2005,April
2551,4/14/05,2,4,2005,April
1824,4/14/05,2,4,2005,April
3441,4/14/05,2,4,2005,April
3123,4/14/05,2,4,2005,April
2322,4/14/05,2,4,2005,April
4080,4/15/05,2,4,2005,April
3946,4/15/05,2,4,2005,April
1057,4/15/05,2,4,2005,April
3446,4/22/05,2,4,2005,April
3687,4/22/05,2,4,2005,April
4545,4/22/05,2,4,2005,April
4780,4/22/05,2,4,2005,April
5818,4/22/05,2,4,2005,April
2279,4/22/05,2,4,2005,April
2037,4/22/05,2,4,2005,April
5815,4/22/05,2,4,2005,April
4082,4/22/05,2,4,2005,April
1748,4/22/05,2,4,2005,April
5991,4/22/05,2,4,2005,April
5552,4/22/05,2,4,2005,April
4699,4/22/05,2,4,2005,April
2380,4/23/05,2,4,2005,April
1560,4/23/05,2,4,2005,April
5375,5/1/05,2,5,2005,May
3630,5/1/05,2,5,2005,May
2703,5/1/05,2,5,2005,May
3601,5/1/05,2,5,2005,May
5798,5/1/05,2,5,2005,May
2955,5/1/05,2,5,2005,May
4496,5/1/05,2,5,2005,May
1558,5/1/05,2,5,2005,May
5553,5/1/05,2,5,2005,May
3052,5/3/05,2,5,2005,May
5306,5/3/05,2,5,2005,May
5307,5/3/05,2,5,2005,May
3386,5/3/05,2,5,2005,May
2973,5/3/05,2,5,2005,May
2684,5/3/05,2,5,2005,May
2621,5/3/05,2,5,2005,May
2543,5/3/05,2,5,2005,May
1078,5/3/05,2,5,2005,May
2210,5/3/05,2,5,2005,May
5290,5/3/05,2,5,2005,May
1860,5/5/05,2,5,2005,May
3919,5/5/05,2,5,2005,May
4819,5/5/05,2,5,2005,May
2449,5/5/05,2,5,2005,May
4793,5/5/05,2,5,2005,May
3350,5/5/05,2,5,2005,May
4306,5/6/05,2,5,2005,May
5584,5/6/05,2,5,2005,May
2261,5/6/05,2,5,2005,May
2063,5/6/05,2,5,2005,May
3428,5/6/05,2,5,2005,May
2263,5/6/05,2,5,2005,May
3353,5/6/05,2,5,2005,May
4866,5/6/05,2,5,2005,May
4652,5/6/05,2,5,2005,May
3792,5/6/05,2,5,2005,May
5567,5/6/05,2,5,2005,May
4954,5/6/05,2,5,2005,May
2990,5/6/05,2,5,2005,May
3833,5/6/05,2,5,2005,May
4715,5/9/05,2,5,2005,May
4610,5/9/05,2,5,2005,May
3897,5/9/05,2,5,2005,May
3408,5/9/05,2,5,2005,May
3476,5/9/05,2,5,2005,May
2974,5/10/05,2,5,2005,May
1240,5/10/05,2,5,2005,May
1763,5/10/05,2,5,2005,May
4473,5/10/05,2,5,2005,May
2326,5/10/05,2,5,2005,May
1818,5/10/05,2,5,2005,May
3921,5/10/05,2,5,2005,May
3395,5/10/05,2,5,2005,May
4580,5/10/05,2,5,2005,May
4204,5/10/05,2,5,2005,May
1012,5/10/05,2,5,2005,May
2093,5/10/05,2,5,2005,May
3108,5/10/05,2,5,2005,May
3721,5/10/05,2,5,2005,May
2590,5/13/05,2,5,2005,May
5990,5/13/05,2,5,2005,May
4576,5/13/05,2,5,2005,May
5749,5/13/05,2,5,2005,May
3252,5/13/05,2,5,2005,May
3188,5/13/05,2,5,2005,May
5880,5/17/05,2,5,2005,May
1718,5/17/05,2,5,2005,May
1181,5/17/05,2,5,2005,May
3960,5/17/05,2,5,2005,May
4118,5/17/05,2,5,2005,May
2379,5/17/05,2,5,2005,May
3581,5/17/05,2,5,2005,May
4032,5/17/05,2,5,2005,May
2566,5/17/05,2,5,2005,May
1290,5/17/05,2,5,2005,May
1350,5/17/05,2,5,2005,May
5532,5/17/05,2,5,2005,May
4260,5/17/05,2,5,2005,May
1571,5/17/05,2,5,2005,May
5300,5/29/05,2,5,2005,May
5105,5/29/05,2,5,2005,May
5176,5/29/05,2,5,2005,May
3735,5/29/05,2,5,2005,May
1769,5/29/05,2,5,2005,May
3130,5/29/05,2,5,2005,May
1452,5/29/05,2,5,2005,May
2043,5/29/05,2,5,2005,May
5970,5/29/05,2,5,2005,May
4157,5/29/05,2,5,2005,May
3218,5/29/05,2,5,2005,May
3295,5/29/05,2,5,2005,May
5133,5/29/05,2,5,2005,May
3381,5/29/05,2,5,2005,May
4760,5/29/05,2,5,2005,May
4274,5/30/05,2,5,2005,May
4770,5/30/05,2,5,2005,May
5573,5/30/05,2,5,2005,May
5112,5/30/05,2,5,2005,May
2398,5/30/05,2,5,2005,May
2626,5/30/05,2,5,2005,May
1491,5/30/05,2,5,2005,May
1367,5/31/05,2,5,2005,May
3356,5/31/05,2,5,2005,May
4014,5/31/05,2,5,2005,May
2948,5/31/05,2,5,2005,May
1971,5/31/05,2,5,2005,May
4133,5/31/05,2,5,2005,May
3348,5/31/05,2,5,2005,May
3760,5/31/05,2,5,2005,May
4261,5/31/05,2,5,2005,May
3424,5/31/05,2,5,2005,May
4016,5/31/05,2,5,2005,May
5694,5/31/05,2,5,2005,May
2015,5/31/05,2,5,2005,May
3257,5/31/05,2,5,2005,May
5413,5/31/05,2,5,2005,May
3849,5/31/05,2,5,2005,May
5106,5/31/05,2,5,2005,May
3320,5/31/05,2,5,2005,May
1575,5/31/05,2,5,2005,May